GeneSymbol,ArrayNostre,GSE13432_7d,GSE13432_35d,GSE51080_10d,GSE55934_Adre_10d,GSE98132_Adre_3d,GSE108077_7d,GSE110420_10d
Aldh3b2,1,0,0,1,0,1,1,0
43891,0,1,0,0,0,1,1,0
1110032A03Rik,0,1,1,0,1,0,1,0
1190005I06Rik,0,0,0,1,0,1,0,0
43893,0,0,0,0,1,0,0,0
Myh4,0,0,0,0,0,1,0,0
Ucp1,1,1,1,1,1,1,1,1
1110008P14Rik,0,1,0,0,1,1,1,1
Cisd3b,1,1,0,0,1,0,0,0
0610012G03Rik,0,1,0,0,1,1,1,0
3110021A11Rik,0,0,1,0,0,0,0,0
1700037H04Rik,0,1,0,1,1,0,1,1
43895,0,0,0,0,1,0,1,0
Fam131c,0,0,0,0,0,1,1,0
Fabp3,0,1,1,1,0,1,1,0
Entpd4,1,1,1,0,1,1,1,0
1110001J03Rik,1,1,0,0,0,1,1,0
4931406C07Rik,0,1,1,1,1,1,1,1
1700056E22Rik,0,0,0,1,0,1,0,0
44081,0,0,0,0,1,0,0,0
Elovl3,1,1,1,1,0,1,1,1
2010003K11Rik,0,1,0,1,0,1,1,1
1810021B22Rik,0,0,0,1,1,0,0,0
44082,0,0,0,0,1,0,0,0
Car14,1,0,0,0,0,1,1,0
Slc27a2,1,1,1,1,0,0,1,1
2310069B03Rik,1,1,0,0,0,0,0,1
Pim3,1,1,0,1,0,0,0,0
A530053G22Rik,0,1,1,0,1,0,0,0
2010001E11Rik,0,0,0,1,0,0,0,0
44083,0,0,0,0,1,0,1,0
CR936839.1,0,0,0,0,0,1,0,0
Kng2,1,0,0,0,0,0,1,1
Sucla2,1,1,1,0,1,1,1,1
Abcd3,0,1,1,0,0,1,1,0
44084,0,0,0,0,1,0,0,0
Col10a1,0,0,0,0,0,1,1,0
Dio2,1,0,0,1,1,1,1,1
5830403F22Rik,0,0,0,0,1,0,0,1
Phospho1,1,1,0,0,1,1,1,1
1700021F05Rik,0,1,0,0,1,1,1,0
Acaa1b,1,1,1,1,0,1,1,0
2210406O10Rik,0,0,0,1,0,0,0,0
Apoc2,0,0,0,1,0,1,1,0
Cox7a1,1,1,1,1,1,1,1,1
9030619P08Rik,0,0,0,1,0,0,1,1
Aldh3b3,1,0,0,0,0,1,0,0
Acaa2,1,1,1,1,0,1,1,1
2810414N06Rik,0,0,0,1,0,0,0,0
1110007C09Rik,0,0,0,0,1,0,0,0
Elovl4,0,0,0,0,0,1,1,0
Acot11,1,1,1,1,1,1,1,1
A830018L16Rik,0,0,0,0,1,0,1,1
Cisd3,1,1,0,0,1,1,1,0
2810416G20Rik,0,0,0,1,0,0,0,0
Trav7-2,0,0,0,0,0,1,0,0
Gm10221,0,0,0,0,0,0,1,0
Gm21685,1,1,1,0,1,1,1,0
1700071K01Rik,0,1,0,0,0,0,0,0
Actn3,0,0,0,0,1,1,0,0
Cpt1b,1,1,1,1,1,1,1,1
Acacb,1,1,1,0,1,0,1,1
1300002E11Rik,0,0,0,0,1,0,0,0
Cyp2b10,1,0,0,1,0,1,1,1
Acadl,0,1,1,0,1,1,1,1
Gm33049,1,0,0,0,0,0,0,0
Acad11,0,1,1,1,0,0,1,0
4931408D14Rik,0,0,0,1,0,0,0,0
1500011K16Rik,0,0,0,0,1,0,0,0
Gm7993,0,0,0,0,0,1,0,0
Acads,0,1,0,1,1,1,1,1
Gm41209,1,0,0,0,1,0,0,1
4933427G17Rik,0,0,0,1,0,0,0,0
1700008J07Rik,0,0,0,0,1,0,0,0
Gm6166,0,0,0,0,0,1,0,0
Gm5601,0,0,0,0,0,0,1,0
Acadvl,1,1,1,1,1,1,1,1
Zfp652,1,1,0,0,1,0,0,1
2410015M20Rik,0,1,0,0,0,0,1,0
5430416O09Rik,0,0,0,1,1,0,0,0
1700012D14Rik,0,0,0,0,1,0,0,0
Mfsd2a,1,0,0,0,0,1,1,0
Otop1,1,1,1,1,1,1,1,1
Acly,0,1,0,0,1,1,1,1
Chkb,1,1,1,1,1,0,1,1
3000002C10Rik,0,1,0,0,1,0,0,0
Acadm,0,1,1,0,1,1,1,0
8430408G22Rik,1,1,0,1,0,0,1,0
1700020I14Rik,0,0,0,0,1,0,0,0
Slc25a34,1,0,0,1,0,1,1,1
Arhgef19,0,0,0,0,0,1,1,0
Aco2,1,1,1,0,1,1,1,1
Mb,0,0,0,0,1,1,1,0
Mrip-ps,0,0,0,0,0,0,1,0
ChkbCpt1b,1,1,1,1,1,0,0,1
4833439L19Rik,0,1,0,0,1,0,0,0
Acat1,0,1,1,0,0,1,1,0
1700025G04Rik,0,0,0,0,1,0,0,0
Aspg,1,1,1,1,0,1,1,1
Acsf2,1,0,1,1,0,1,1,1
MTARC1,1,0,0,0,0,0,0,0
Acat2,0,1,1,0,0,1,1,0
9130214F15Rik,0,0,0,1,0,0,0,0
Cidea,1,1,1,1,1,1,1,1
Acsl5,1,1,1,0,0,1,1,1
9330102E08Rik,0,0,0,1,1,0,0,0
1700040L02Rik,1,0,0,0,1,1,1,0
Tmem52,0,0,0,0,0,1,1,0
S100b,1,1,1,1,1,1,1,1
Acss1,1,0,1,0,1,0,1,1
1700017B05Rik,1,0,0,0,0,0,0,0
AA467197,0,0,0,1,0,0,0,0
1700047I17Rik2,0,0,0,0,1,0,0,0
Gm9696,0,0,0,0,0,1,1,0
Adam12,0,1,0,0,1,1,1,1
Aadac,0,0,0,1,0,0,0,0
Gm21854,0,0,0,0,0,1,0,0
Adprhl1,0,0,0,0,1,0,1,1
Adck3,1,1,1,1,1,1,1,1
Abcb8,1,1,0,0,1,1,1,0
Acot2,1,0,1,0,1,0,1,0
Abhd1,0,0,0,1,0,0,0,0
1700096K18Rik,0,0,0,0,1,0,0,0
Hist1h4n,0,0,0,0,0,1,0,0
Gm28635,0,0,0,0,0,0,1,0
Adcy10,1,0,0,1,1,1,1,1
2410131K14Rik,1,0,0,0,0,0,0,0
Hist1h1d,0,0,0,0,0,1,0,0
Gm9385,0,0,0,0,0,1,1,0
3425401B19Rik,1,0,0,0,1,0,0,0
Abhd4,0,1,0,0,1,0,1,0
1810030O07Rik,0,0,0,0,1,0,0,0
Arhgdig,0,0,0,0,0,0,1,0
Adra1a,1,0,0,0,1,1,1,1
Abhd6,1,1,0,0,0,1,1,0
Acsm3,0,0,1,0,0,0,1,0
2010107E04Rik,0,0,0,0,1,1,1,0
Fam110c,0,0,0,0,0,1,0,0
Gm12671,0,0,0,0,1,0,1,0
Adrbk2,1,1,1,0,1,0,1,1
A530050N04Rik,1,0,0,0,1,0,0,0
2210013O21Rik,0,0,0,0,1,0,0,0
Hist1h3d,0,0,0,0,0,1,1,0
Gm10359,0,0,0,0,1,0,1,0
Adtrp,1,1,1,1,0,1,1,1
Acyp2,0,1,1,0,1,1,1,0
Acaca,0,0,0,1,1,0,1,0
2300009A05Rik,0,0,0,0,1,0,1,0
Gm5523,0,0,0,0,1,1,0,0
Agpat2,0,1,0,0,1,1,1,1
2310040G07Rik,0,0,0,0,1,0,0,0
Orm2,0,0,0,0,0,1,0,0
Cox8b,1,1,1,1,1,1,1,1
AI317395,0,0,1,1,0,0,0,1
2310061I04Rik,0,0,0,0,1,1,1,0
Lmod3,0,0,0,0,0,1,1,0
Myo5b,0,1,1,0,0,1,1,0
Angptl8,0,0,0,0,0,0,1,1
2510003B16Rik,0,0,0,0,1,0,0,0
Lipf,0,0,0,1,0,1,0,0
Dnajc22,0,0,0,1,0,1,1,0
Apoo,1,1,1,0,1,1,1,1
Accsl,0,0,0,1,0,1,1,0
2510046G10Rik,0,0,0,0,1,0,0,0
Myh1,0,0,0,0,0,1,0,0
Slc22a2,1,0,0,0,0,1,1,0
Apoo-ps,1,0,0,0,1,0,1,1
Afg3l2,0,1,1,0,1,1,1,0
Acer2,0,0,0,1,0,0,0,0
2610016A17Rik,0,0,0,0,1,0,0,0
Tuba8,1,1,0,1,1,1,1,1
Aspa,1,1,1,0,1,0,1,1
2610036A22Rik,0,0,0,0,1,0,0,0
Cpn2,1,0,1,1,0,1,1,1
Agl,0,1,1,0,1,1,1,0
2610507B11Rik,0,0,0,0,1,0,0,0
Mup9,0,0,0,0,0,1,0,1
Slc2a5,1,1,0,0,0,1,1,1
Atp4b,0,0,0,1,0,0,1,1
Ahcyl1,0,1,1,0,1,1,1,0
Acox2,0,0,0,1,0,0,1,0
2700029M09Rik,0,0,0,0,1,0,0,0
Ttc25,1,1,1,1,1,1,1,1
Fndc5,0,0,0,0,0,1,1,0
Atp5o,0,0,0,0,1,1,1,1
Acot4,1,0,0,0,0,0,1,0
Acoxl,0,0,0,1,0,1,1,0
2810402E24Rik,0,0,0,0,1,0,0,0
Gm10364,0,0,0,0,0,1,0,0
Eif4a-ps4,0,1,0,0,0,0,1,0
Atpaf2,1,1,0,0,1,1,1,1
2900052N01Rik,0,0,0,0,1,0,0,0
Lgr6,1,0,0,0,1,1,1,1
AW011956,0,0,0,0,0,0,0,1
Aldh9a1,0,0,1,0,0,0,1,0
Acvr1c,0,0,0,1,1,0,0,0
2900076A07Rik,0,0,0,0,1,0,0,0
Kcnk4,0,0,0,0,0,1,1,0
Mreg,1,0,0,0,0,0,1,0
B430119L08Rik,0,0,0,0,0,0,0,1
Acat3,0,1,0,0,0,0,0,0
Angptl4,0,0,1,1,0,0,0,0
BC023105,0,0,0,0,0,1,0,0
Slco4a1,0,0,0,0,0,0,1,0
B430219N15Rik,1,0,0,0,0,0,0,1
Actn2,1,0,0,0,0,0,1,0
3110039I08Rik,0,0,0,0,1,0,0,0
Slc47a1,0,0,0,0,0,1,1,0
Kcnj11,0,0,0,0,0,0,1,0
Ccdc144b,0,0,0,0,0,1,1,1
3222401L13Rik,0,0,0,0,1,0,0,0
Reep6,1,1,0,0,0,1,1,0
Gm12751,0,0,0,0,0,0,1,0
Chchd10,1,1,1,1,0,1,1,1
Adcy3,1,1,0,1,1,0,1,0
Mrps36-ps1,1,0,0,0,1,1,0,0
Acot12,0,0,0,0,0,0,1,0
Atp1a2,0,1,1,0,1,0,1,0
4430402I18Rik,0,0,0,0,1,0,0,0
Hist2h3c2,0,0,0,0,0,1,0,0
Gm13835,0,0,0,0,0,0,1,0
Atp5a1,0,0,1,0,1,1,1,0
Adora1,0,0,0,1,0,0,1,0
4632404H12Rik,0,0,0,0,1,0,0,0
Aldh3b2,1,0,0,1,0,1,1,0
Sgk2,0,0,0,0,0,0,1,0
Chrna2,1,0,0,1,0,0,1,1
Acot13,0,1,0,0,1,1,1,0
Bola3,0,1,1,1,1,1,1,0
4732471J01Rik,0,0,0,0,1,0,0,0
Gm20768,0,0,0,0,0,1,0,0
Dhrs9,1,0,0,0,1,1,1,1
Ciapin1,1,1,1,0,0,0,1,1
Acox1,0,1,0,0,0,0,0,0
Foxo6,0,0,0,0,0,1,0,0
Scn4b,0,0,0,0,0,0,1,0
Alas2,1,0,0,1,0,0,1,0
Acsf3,0,1,0,0,1,1,1,0
4921507P07Rik,0,0,0,0,1,0,0,0
RP24-545I11.1,0,0,0,0,0,0,1,0
Cideb,1,0,1,1,0,0,1,1
Alg3,1,0,0,0,0,0,1,0
Acsl1,0,1,0,0,0,0,1,0
4930402H24Rik,0,0,0,0,1,0,0,0
Apoc4,0,0,0,1,0,1,0,0
Igsf21,0,0,0,1,0,1,1,1
Coasy,1,1,1,1,0,1,1,1
Alpl,1,0,0,0,0,1,1,0
Aifm2,0,1,0,1,1,0,1,0
4930430F08Rik,0,0,0,0,1,0,0,0
Bmp8b,0,0,0,0,0,1,1,0
Fbp2,0,1,1,1,1,1,1,1
Coq10b,1,0,0,0,0,0,1,1
Apold1,1,0,0,1,1,0,0,0
Acss2,0,1,0,0,1,1,1,0
4930480K23Rik,0,0,0,0,1,0,0,0
Mab21l2,0,0,0,0,0,1,1,0
Perm1,1,0,0,1,1,0,1,1
Coq7,0,1,0,0,1,1,1,1
4930577N17Rik,0,0,0,0,1,0,0,0
Tlcd2,1,1,0,1,0,1,1,1
Hapln4,0,0,0,0,0,0,1,0
Cox5a,1,0,0,0,1,1,1,1
Aldh1l1,0,0,0,1,0,0,0,0
4930578C19Rik,0,0,0,0,1,0,1,0
Tmem37,0,1,0,1,0,1,1,0
Cox5b,0,0,0,0,0,1,1,1
Cisd1,0,0,1,0,0,0,1,0
Aldh2,0,0,0,1,0,0,0,0
Esrp2,0,0,0,0,0,1,1,0
Dusp15,0,0,0,1,0,0,1,0
Clic5,0,1,1,1,1,0,1,0
4931406P16Rik,0,0,0,0,1,0,0,0
Slc15a5,0,0,0,0,0,1,0,0
Sorcs2,0,0,0,0,1,0,1,0
Atp2a1,1,0,0,0,0,1,0,0
Add1,0,1,0,0,1,0,0,0
Angptl3,0,0,0,1,0,0,0,0
5031426D15Rik,0,0,0,0,1,0,0,0
Poln,0,1,0,1,1,1,1,0
Tnnt3,0,0,0,0,1,1,0,0
Gm38356,0,0,0,0,0,0,1,0
Atxn2,1,0,0,0,0,0,1,0
Clybl,0,1,1,0,1,1,1,0
5730508B09Rik,0,0,0,0,1,0,0,0
S100a3,0,0,0,0,0,1,0,0
Mmd2,0,0,0,0,0,0,1,0
Cpt2,0,1,1,0,1,1,1,1
Coa5,0,1,1,0,1,0,1,0
Apoc1,0,0,0,1,0,1,1,0
Gk,1,1,1,1,0,1,1,1
Cxadr,0,1,1,0,0,1,1,1
Bag3,1,0,0,0,0,0,0,0
5930403L14Rik,0,0,0,0,1,0,0,0
Rpl39l,0,0,0,0,0,1,0,0
Gys2,1,1,1,1,0,1,1,1
Cyc1,1,1,0,0,1,1,1,1
Bcl2l13,1,0,0,0,1,0,1,0
Aes,0,1,0,0,0,0,1,0
Col27a1,0,0,1,0,0,0,1,0
8430415O14Rik,0,0,0,0,1,0,0,0
Hist1h4h,0,1,0,0,0,1,1,0
Atp1b1,0,0,0,0,0,0,1,0
Cycs,0,1,1,1,1,1,1,1
Bcl3,1,0,0,0,0,0,1,0
Apoc4-apoc2,0,0,0,1,0,0,0,0
9130011E15Rik,0,0,0,0,1,0,0,0
Retsat,0,1,1,1,0,1,1,1
Gm20431,0,0,0,0,0,0,1,0
Bri3bp,1,0,0,0,0,0,1,0
Coq6,0,1,1,0,1,1,1,0
Gm15429,0,0,0,0,0,0,1,0
Cyp1a1,1,0,0,0,1,0,0,1
C030006K11Rik,1,1,0,0,1,0,0,0
Coq9,0,1,1,0,1,1,1,0
Aqp11,0,0,0,1,0,0,0,0
9330133O14Rik,0,0,0,0,1,0,0,0
Cox15,1,0,1,0,0,0,1,0
9330159F19Rik,0,0,0,0,1,0,0,0
Hoxa4,0,0,0,0,0,1,1,0
Cyp2j8,0,0,0,0,0,0,0,1
Car2,1,0,0,0,1,0,1,0
Agpat3,0,1,0,0,1,1,1,0
9330159M07Rik,0,0,0,0,1,0,0,0
Pde6a,0,0,0,0,0,1,0,0
Cyp2u1,1,1,1,1,0,0,1,1
Cdip1,1,0,0,0,0,0,0,0
Aqp7,0,1,0,1,1,0,1,0
9430020K01Rik,0,0,0,0,1,0,0,0
Hephl1,0,1,0,0,0,1,1,1
RP23-218K15.5,0,0,0,0,0,0,1,0
Dhrs7,1,1,1,0,1,1,1,1
Cebpb,1,1,0,1,0,1,1,0
Arl4a,0,0,0,1,1,0,0,0
9430037G07Rik,0,0,0,0,1,0,0,0
Tfr2,0,1,0,0,0,1,1,0
Gm13509,0,0,0,0,0,0,1,0
9530091C08Rik,0,0,0,0,1,0,0,0
Pla2g7,0,1,0,0,1,0,1,0
9930111J21Rik2,0,0,0,0,1,0,0,0
Gnao1,1,0,0,1,1,1,1,1
Tmem171,0,0,0,0,0,0,1,0
Dlat,1,1,1,1,1,1,1,1
Crls1,0,1,1,0,1,0,1,0
AW111846,0,0,0,1,0,0,0,0
A230065N10Rik,0,0,0,0,1,0,0,0
Hebp2,0,1,1,1,1,0,1,0
Dlst,1,1,0,0,1,1,1,1
Ciart,1,0,0,0,0,0,0,0
Ak3,0,1,0,0,0,1,1,0
Cryz,0,1,1,0,0,0,1,0
B430105A11Rik,0,0,0,1,0,0,0,0
A430046D13Rik,0,0,0,0,1,0,0,0
Rap1gap,1,0,0,0,0,1,1,0
Dusp18,1,0,0,0,1,0,1,1
Cs,1,1,1,0,1,1,1,0
BC028777,0,0,0,1,0,0,0,0
A530016L24Rik,0,0,0,0,1,0,0,0
Aifm3,0,0,0,0,0,1,0,0
St3gal5,1,0,0,0,0,0,1,0
E330011O21Rik,0,0,0,0,1,0,0,1
Akap1,0,1,0,0,1,0,1,0
BC049762,0,0,0,1,0,0,0,0
Echdc1,0,0,0,0,1,1,1,1
Cluh,1,0,0,0,1,0,1,0
Akt1,0,1,0,0,0,0,0,0
Bckdha,0,1,0,1,0,0,1,0
Myh7b,0,0,0,0,0,1,1,0
Npnt,0,0,0,0,0,1,1,0
Egln3,0,0,0,0,0,0,1,1
Cmc2,1,0,0,0,1,0,1,0
Akt2,0,1,0,0,1,0,0,0
BE949265,0,0,0,1,0,0,0,0
Hist1h3e,0,0,0,0,0,1,0,0
Esrrg,1,0,0,1,1,1,1,0
Cntfr,1,0,0,0,0,0,1,0
Aldoa,0,1,0,0,1,1,1,0
Aak1,0,0,0,0,1,0,0,0
Gm28438,0,0,0,0,0,1,0,0
Gck,0,0,0,0,0,0,1,0
Elovl6,0,1,1,0,1,0,1,1
Cyp4v3,0,0,1,0,0,0,0,0
Btnl9,0,0,0,1,1,0,1,0
Aamdc,0,0,0,0,1,0,0,0
Mup3,0,0,0,1,0,1,1,0
Gm12537,0,0,0,0,0,0,1,0
Etfdh,1,1,1,1,1,1,1,1
Comtd1,1,0,0,0,1,1,1,0
D10Jhu81e,0,0,1,0,1,0,1,0
C8g,0,0,0,1,0,0,0,0
Abca2,0,0,0,0,1,0,0,0
Mogat2,0,0,0,0,0,1,1,0
Fabp3-ps1,1,0,0,0,1,0,0,1
Anapc5,0,1,0,0,1,0,0,0
Ddhd2,0,0,1,0,1,0,1,0
Calr3,0,0,0,1,0,0,0,0
Abca7,0,0,0,0,1,0,1,0
Map7d2,0,0,0,0,0,1,0,0
6820408C15Rik,0,0,0,0,0,0,1,0
Fabp5,0,1,0,0,1,1,1,1
Cox10,1,0,0,0,1,1,1,0
Ankrd40,0,1,0,0,1,0,1,0
Ddo,0,1,1,0,1,1,1,0
Car4,0,0,0,1,1,0,1,0
Abcb1a,0,0,0,0,1,0,0,0
Vipr2,0,0,0,0,0,1,0,0
F2r,0,0,0,0,0,0,1,0
Ankrd9,0,1,0,0,1,1,1,0
Decr1,0,1,1,1,1,1,1,0
Abcb1b,0,0,0,0,1,0,0,0
Ppp1r3b,1,0,0,0,0,1,1,1
Rfx4,0,0,0,0,0,0,1,0
Ap1s1,0,1,0,0,0,0,0,0
Carhsp1,0,1,0,1,0,0,0,0
Tekt1,0,0,0,0,0,1,0,0
Slc25a48,0,0,0,1,0,0,1,1
Fam151a,0,0,0,1,1,0,0,1
Cox6b1,1,1,0,0,1,1,1,0
Aplp2,0,1,0,0,1,0,0,0
Deptor,0,1,1,0,0,0,1,0
Catsper3,0,0,0,1,0,0,0,0
Abcb9,0,0,0,0,1,0,1,0
Myl3,0,0,0,0,0,1,1,0
Fam195a,1,1,1,0,1,1,1,1
Ccno,0,0,0,1,0,0,0,0
Abcc1,0,0,0,0,1,0,0,0
Ccdc153,0,0,0,0,0,1,0,0
Acot1,0,0,0,0,0,0,1,0
Fam57b,1,1,1,1,1,1,1,1
Apool,0,1,0,0,1,1,1,0
Dhrs4,0,1,1,0,0,1,1,0
Abcc4,0,0,0,0,1,0,1,0
Fam83e,0,0,0,0,0,1,0,0
Cemip,0,0,0,1,0,0,0,0
Abcc5,0,0,0,0,1,0,0,0
Gm13461,0,0,0,0,0,0,1,0
Gbe1,0,0,0,1,1,1,1,1
Arf1,0,1,0,0,0,0,0,0
Cfap54,0,0,0,1,0,0,1,0
Abcc9,0,0,0,0,1,0,0,0
Epn3,0,0,0,0,0,0,1,0
Gfm1,1,1,1,0,0,1,1,1
Arl2bp,0,1,0,0,1,0,0,0
Cgrrf1,0,1,0,1,0,0,1,0
Abcd1,0,0,0,0,1,0,1,0
Gm10327,0,0,0,0,1,1,0,0
Cldn1,0,0,0,0,0,0,1,0
Gja1,0,1,1,0,1,0,1,1
Asna1,0,1,0,0,1,0,1,0
Abcd2,0,0,0,0,1,0,0,0
Dld,0,1,1,1,1,1,1,0
Gm3671,0,0,0,0,0,1,0,0
Gm10032,1,0,0,0,1,1,1,1
Dnaja3,1,1,1,0,1,1,1,0
Abhd5,0,0,0,0,1,0,0,0
Ak1,0,0,0,0,1,1,1,0
Gm10053,0,0,0,0,1,1,1,1
Ddit4,1,0,0,0,0,0,0,0
Atf5,0,1,0,0,0,1,0,0
Dpyd,0,0,1,0,0,0,0,0
Chpt1,0,0,0,1,1,1,0,0
Abi3bp,0,0,0,0,1,0,0,0
Pla2g2e,0,0,0,1,0,1,1,0
Cend1,0,0,0,0,0,1,1,0
Ddt,1,1,0,0,0,1,1,0
Eif2s3y,0,0,1,0,0,0,0,0
Ablim1,0,0,0,0,1,0,1,0
Sec14l4,1,0,0,0,0,1,1,1
Gm20775,0,0,0,0,0,0,1,0
Gm10108,0,0,0,0,1,0,1,1
Decr2,1,1,0,0,0,0,1,0
Atp5d,0,1,0,0,1,1,1,0
Letmd1,1,1,1,1,1,1,1,1
Gm5559,0,0,0,0,0,1,1,0
Gm14093,0,0,0,0,0,0,0,1
Des,1,0,0,0,1,0,1,0
S1pr5,0,0,0,0,0,1,1,0
Gm15241,1,0,0,0,0,0,0,1
Dhrs11,1,0,0,0,0,1,1,0
Atp9a,0,1,0,0,0,0,0,0
Cldn22,0,0,0,1,0,1,0,0
Acad12,0,0,0,0,1,0,0,0
Gm10012,0,0,0,0,0,1,0,0
Gchfr,0,0,0,1,0,1,1,0
Gm16537,1,0,0,0,1,0,0,1
Emsy,0,0,1,0,0,0,0,0
Cldn5,0,0,0,1,1,0,1,0
Acad9,0,0,0,0,1,0,0,0
Casq1,0,0,0,0,1,1,0,0
Gm21320,0,0,0,0,0,0,0,1
Endog,0,1,1,0,0,1,1,0
Tesc,0,0,0,0,0,0,1,0
Gm22777,0,0,0,0,0,0,0,1
Bckdk,0,1,0,0,1,0,1,0
Clstn3,0,1,0,1,0,1,1,0
Slc25a20,1,1,1,1,1,1,1,1
Gm25495,0,0,0,0,0,0,0,1
Bcl6,0,1,0,0,0,0,0,0
Coa7,0,0,0,1,0,0,1,0
Gm25596,0,0,0,0,1,0,0,1
Gmpr,1,0,0,0,1,1,1,0
Bpnt1,0,1,0,0,0,0,0,0
Coq3,0,1,0,1,0,1,1,0
Ace,0,0,0,0,1,0,0,0
Gm42814,0,0,0,0,0,1,0,0
Shtn1,0,0,0,0,0,0,1,0
Bre,0,1,0,0,1,0,0,0
Fam210a,0,1,1,0,1,1,1,0
Ackr3,0,0,0,0,1,0,1,0
Gm13772,0,0,0,0,0,1,1,0
Gpd1,1,1,0,1,1,1,1,1
Dusp4,1,0,0,0,1,0,0,0
Rasef,0,0,0,0,0,0,1,0
Gpd2,1,1,1,1,1,1,1,1
Ecsit,1,0,0,0,1,1,1,0
Bsg,0,1,0,0,0,0,1,0
Cpeb3,0,0,0,1,1,0,0,0
Gm10642,0,0,0,0,0,1,0,0
44083,0,0,0,0,1,0,1,0
Gsta3,0,0,0,1,0,1,0,1
Egln1,1,1,0,0,1,0,1,0
Myo5c,0,0,0,0,1,0,1,0
Gtf2ird1,1,0,0,0,1,0,1,1
Ehhadh,1,1,0,1,0,0,1,0
C1qa,0,1,0,0,0,0,0,0
Tmem82,1,0,0,0,0,1,1,0
C330007P06Rik,0,1,0,0,0,0,0,0
Fastkd1,0,0,1,0,0,0,1,0
Crat,0,1,0,1,1,1,1,0
Gm13784,0,0,0,0,0,1,1,0
Serinc2,0,0,0,0,0,0,1,0
Hadha,1,1,1,1,1,1,1,1
Cad,0,1,0,0,1,0,1,0
Fastkd2,0,0,1,0,0,0,1,0
Crtac1,0,0,0,1,0,0,0,0
Acot6,0,0,0,0,1,0,0,0
Pitx3,0,0,0,0,0,0,1,0
Hadhb,0,1,1,0,1,1,1,1
Caprin1,0,1,0,0,0,0,0,0
Acot9,0,0,0,0,1,0,1,0
Gm4841,0,0,0,0,0,1,0,0
Impa2,1,1,1,0,1,1,1,1
Fgf1,0,0,1,0,0,0,1,0
Gm13292,0,0,0,0,0,1,0,0
Slc6a19,0,0,0,0,0,0,1,0
Fads2,1,0,0,0,0,0,1,0
Cars2,0,1,0,0,0,0,1,0
Fh1,0,0,1,0,1,1,1,0
Cxcl17,0,0,0,1,0,0,0,0
Usmg5,0,0,0,0,1,1,1,0
Hk2,0,1,0,0,1,1,0,1
Fahd1,1,1,0,0,0,1,1,0
Cbr4,0,1,0,0,0,1,1,0
Foxred1,1,1,1,0,1,0,1,0
Gm14057,0,0,0,0,1,1,1,0
Tacr2,0,0,0,0,0,0,1,0
Hmgcs1,0,0,0,0,0,1,1,1
Cd99,0,1,0,0,0,0,0,0
Acss2os,0,0,0,0,1,0,0,0
Pank1,1,1,1,1,0,1,1,1
Hpdl,1,0,0,0,1,1,1,1
Acss3,0,0,0,0,1,0,0,0
Lipg,1,0,0,0,0,0,1,1
Hsd17b12,0,1,0,0,0,1,1,1
Fastk,1,1,0,0,1,0,1,0
Cdk16,0,1,0,0,1,0,0,0
Acta1,0,0,0,0,1,0,0,0
Idh3a,1,1,1,1,1,1,1,1
Fbxo21,1,0,0,1,0,0,0,0
Cdk5,0,1,0,0,1,0,1,0
Acta2,0,0,0,0,1,0,0,0
Tpd52l1,0,0,0,0,0,1,1,0
Gm5737,0,0,0,0,0,0,1,0
Cyp4a10,0,0,0,1,0,0,0,0
Actg-ps1,0,0,0,0,1,0,0,0
Scd2,0,1,0,0,1,1,1,0
Hdc,0,0,0,0,0,0,1,0
Gadd45g,1,0,0,0,0,1,0,0
Cyp4a31,0,0,0,1,0,0,0,0
Pigr,0,0,0,0,0,1,1,0
Got1,1,1,0,0,0,0,1,0
Itpk1,1,1,0,0,1,1,1,1
Cela1,0,1,0,0,0,0,0,0
Dbp,0,0,0,1,0,0,0,0
Actr1a,0,0,0,0,1,0,0,0
Mfsd4b1,0,0,0,0,0,1,1,0
Kcng4,0,0,0,0,0,0,1,0
Kcnk3,1,1,0,0,1,1,1,1
Cenpb,0,1,0,0,0,0,0,0
Gm17257,0,0,1,0,0,0,0,0
Gm2308,0,0,0,0,0,1,0,0
Glrx5,1,0,0,0,0,1,0,0
Ndufb6,1,1,0,0,1,1,1,1
Krt79,1,0,0,1,1,1,1,1
Dfna5,0,0,0,1,0,0,1,0
Gm8756,0,0,0,0,0,1,0,0
Gm11273,0,0,0,0,0,0,1,0
Lace1,1,1,1,1,1,1,1,1
Gm13770,1,0,0,0,1,0,0,0
Adam15,0,0,0,0,1,0,0,0
Pafah2,1,1,1,0,0,1,1,0
Pdk4,1,1,1,1,1,0,1,1
Ldhb,1,1,1,1,1,1,1,1
Gm14267,1,0,0,0,0,0,0,0
Adamts12,0,0,0,0,1,0,0,0
B3galt1,0,0,0,0,0,1,0,0
Ldhd,0,1,1,1,0,0,1,1
Chchd3,0,1,0,0,1,1,1,0
Gpr135,0,0,1,1,0,1,1,0
Adamts5,0,0,0,0,1,0,0,0
Letm1,1,1,1,1,1,1,1,1
Gm9922,0,0,0,0,0,0,1,0
Gtf3c3,0,0,1,0,0,0,0,0
Adamts6,0,0,0,0,1,0,0,0
6430571L13Rik,0,0,0,0,0,1,1,0
Glra3,0,0,0,0,0,0,1,0
Gm24060,1,0,0,0,0,0,0,0
Adamts9,0,0,0,0,1,0,0,0
Gapdh,0,1,0,0,1,1,1,0
Smagp,0,0,0,0,0,0,1,0
Gm24569,1,0,0,0,0,0,0,0
Chn1,0,1,0,0,1,0,0,0
Adck1,0,0,0,0,1,0,1,0
Gm2573,1,0,0,0,1,0,0,0
Chp1,0,1,0,0,0,0,0,0
Drd1,0,0,0,1,0,1,1,0
LOC102641600,1,0,0,0,1,0,0,1
Gm4285,1,0,0,0,0,0,0,0
Alas1,0,0,0,0,0,1,1,0
Plekhs1,0,0,0,0,0,0,1,0
Lrtm1,0,0,0,0,0,1,1,1
Gm6293,1,0,0,0,1,0,1,0
Ggt6,0,0,0,0,0,1,0,0
Rnf182,0,0,0,0,0,0,1,0
Me1,0,1,0,0,1,0,1,1
Gm6444,1,0,0,0,1,0,0,0
Hsdl2,0,1,1,0,1,1,1,0
Adcy6,0,0,0,0,1,0,0,0
Sycp3,0,0,1,0,0,1,1,0
Sult4a1,0,0,0,0,0,0,1,0
Mir378a,0,0,0,0,0,0,0,1
Ide,0,1,1,0,0,0,1,0
Gm5884,0,0,0,0,0,0,1,0
Mpc1,0,0,0,0,1,1,1,1
Emc8-1190005i06rik,0,0,0,1,0,0,0,0
Add3,0,0,0,0,1,0,1,0
Gm4952,0,0,0,0,0,0,1,0
Adgrd1,0,0,0,0,1,0,0,0
Gm8565,0,0,0,0,0,1,0,0
Tbx1,0,0,0,0,0,0,1,0
Mpc1-ps,0,0,0,0,1,1,0,1
Gpc1,1,0,0,0,0,0,1,0
Adgre5,0,0,0,0,1,0,0,0
Ociad2,0,0,0,0,0,1,1,0
Mpc2,0,0,0,0,1,1,1,1
Adgrf5,0,0,0,0,1,0,1,0
Hist1h3f,0,0,0,0,0,1,0,0
Mpzl2,1,1,1,0,0,1,1,1
Idh3b,0,1,1,0,1,1,1,0
Adgrg1,0,0,0,0,1,0,1,0
Mrpl16,0,0,0,0,1,0,1,1
Coa3,0,1,0,0,0,0,1,0
Fabp4,0,1,0,1,1,0,0,0
Adgrl4,0,0,0,0,1,0,1,0
Mtfp1,1,1,1,1,0,1,1,1
Gucd1,1,0,0,0,0,0,1,0
Idh3g,0,1,1,0,1,0,1,0
Adig,0,0,0,0,1,0,0,0
Mup1,0,0,0,0,0,0,0,1
Gys1,1,1,0,0,1,0,0,0
Fam13a,0,0,0,1,1,0,0,0
Adipoq,0,0,0,0,1,0,0,0
Mal,0,0,0,0,0,0,1,0
Cops5,0,1,0,0,0,0,0,0
Immt,0,1,1,0,1,1,1,0
Adora2a,0,0,0,0,1,0,1,0
Mc5r,0,0,0,0,0,1,0,0
Nrp2,0,0,0,0,1,0,1,0
Cops6,0,1,0,0,0,0,0,0
Nipsnap1,0,0,0,0,0,0,1,0
Mup10,0,0,0,0,0,0,0,1
Hcn2,1,0,0,0,0,0,1,0
Cops7a,0,1,0,0,0,0,1,0
Iqsec2,0,1,1,1,0,0,0,0
Fam228b,0,0,0,1,0,0,0,0
Prg4,0,0,0,0,0,1,0,0
Fut4,0,0,0,0,0,0,1,0
Coq10a,0,1,0,0,1,0,1,0
Kcnq1ot1,0,0,1,0,0,0,0,0
Adra1d,0,0,0,0,1,0,0,0
Abcc2,0,0,0,0,0,1,1,0
Mup11,0,0,0,0,0,0,0,1
Hspb6,1,1,0,0,1,0,1,0
Khdrbs3,0,1,1,0,1,1,1,0
Fam69b,0,1,0,1,0,1,1,0
Adrb1,0,0,0,0,1,0,1,0
Gm13339,0,0,0,0,0,1,0,0
Coq5,0,1,0,0,1,1,1,0
Kng1,0,0,1,1,0,0,0,0
Fam73b,0,1,0,1,0,0,1,0
Adrb2,0,0,0,0,1,0,0,0
Gm16470,0,0,0,0,0,1,0,0
Gm7336,0,0,0,0,1,0,1,0
Igfbp3,1,0,0,0,0,0,0,0
Adrb3,0,0,0,0,1,0,0,0
Pdhx,1,1,1,1,1,1,1,1
Gm6863,0,0,0,0,0,0,1,0
Atg9b,0,0,0,0,0,1,1,0
Fhdc1,0,0,0,0,0,0,1,0
Inmt,1,0,0,0,0,0,0,0
Fbxo22,0,0,0,1,0,0,0,0
Adsl,0,0,0,0,1,0,0,0
Pnliprp1,0,0,0,0,0,0,1,0
Irx3,1,0,0,0,0,0,0,0
Fer1l6,0,0,0,1,0,0,0,0
Adssl1,0,0,0,0,1,1,1,0
Ppp1r3g,0,0,0,0,0,0,1,0
Mup12,0,0,0,0,0,0,0,1
Ffar4,0,0,0,1,1,0,1,0
Aebp1,0,0,0,0,1,0,0,0
Gm16089,0,0,0,0,1,1,0,0
Gm10698,0,0,0,0,0,0,1,0
Mup13,0,0,0,0,0,0,0,1
Jph1,1,0,0,0,1,0,1,0
Cox8a,0,1,0,0,1,0,1,0
Fn3k,0,0,0,1,0,1,1,0
AF357355,0,0,0,0,1,0,0,0
BC002163,0,0,0,0,1,1,0,0
Dock8,0,0,0,0,0,0,1,0
Kansl2-ps,1,0,0,0,0,0,1,0
AF357425,0,0,0,0,1,0,0,0
AW822252,0,0,0,0,0,1,0,0
Fgf9,0,0,0,0,0,0,1,0
Afap1,0,0,0,0,1,0,0,0
Pgam1,1,1,1,0,0,1,1,1
Sult2b1,0,0,0,0,0,1,1,0
Mup14,0,0,0,0,0,0,0,1
Ggnbp1,0,0,0,1,0,1,0,0
Afap1l1,0,0,0,0,1,0,1,0
Mfsd4b3,0,0,0,0,0,1,1,0
Mup15,0,0,0,0,0,0,0,1
Mup16,0,0,0,0,0,0,0,1
Lipt1,0,1,1,0,0,1,1,0
Agk,0,0,0,0,1,0,0,0
Nr4a1,0,0,0,0,1,0,1,0
Mup17,0,0,0,0,0,0,0,1
LOC102641949,0,0,1,0,0,0,0,0
Gm2830,0,0,0,0,0,1,0,0
Mup18,0,0,0,0,0,0,0,1
Lrpprc,0,0,1,0,0,1,1,0
Gm11827,0,0,0,1,0,0,0,0
Ago2,0,0,0,0,1,0,0,0
Mup19,0,0,0,0,0,0,0,1
Lyrm5,1,1,1,0,1,1,1,0
Gm39475,0,0,0,1,0,0,0,0
Agpat1,0,0,0,0,1,0,1,0
mt-Nd1,0,0,0,0,0,1,1,0
Me3,0,0,0,1,1,0,1,0
Mup2,0,0,0,0,0,0,0,1
Csrp1,0,1,0,0,1,0,0,0
Gm5182,0,0,0,1,0,0,0,0
Mup7,0,0,0,0,0,0,0,1
Ctsd,0,1,0,0,1,0,1,0
Gm9899,0,0,0,1,1,0,0,0
Gm10566,0,0,0,0,1,1,0,0
Slc29a4,0,0,0,0,0,0,1,0
Mup8,0,0,0,0,0,0,0,1
Map3k12,0,0,1,0,0,0,0,0
Agps,0,0,0,0,1,0,0,0
Uqcrc2,0,1,1,0,1,1,1,0
Mccc1,0,0,1,0,1,0,0,0
Agtpbp1,0,0,0,0,1,0,0,0
Mapre3,1,0,0,0,0,0,1,0
Cyb5b,0,1,0,0,0,1,1,0
Mecr,1,1,1,0,1,0,1,0
Gm15515,0,0,0,0,0,1,0,0
Mup-ps17,0,0,0,0,0,0,0,1
Mavs,1,0,0,0,0,0,1,0
Ahnak,0,0,0,0,1,0,0,0
Abi3,0,0,0,0,0,0,1,0
Myl6b,1,0,0,0,1,1,1,1
Mcee,1,1,0,0,1,1,1,0
Cyb5r3,0,1,0,0,0,0,0,0
Megf9,0,0,1,0,0,1,1,0
Aida,0,0,0,0,1,0,0,0
Ncan,0,1,0,1,1,1,1,1
Mdh2,1,0,0,0,1,1,1,0
Micu3,0,0,1,0,1,0,1,0
Ndufaf4,0,1,1,0,0,1,1,1
Mlycd,0,1,1,1,0,0,1,0
Airn,0,0,0,0,1,0,0,0
Klhl31,0,0,0,0,0,1,0,0
Ppara,1,1,1,1,0,0,1,1
Med25,1,0,0,0,0,0,0,0
Mmachc,0,1,1,0,1,0,1,0
Gstt2,0,0,0,1,0,0,0,0
Ndufs8,1,1,0,0,1,1,1,1
Mef2d,1,0,0,0,1,0,0,0
Cyp2d22,0,1,0,0,0,0,1,0
Morf4l1,0,0,1,0,0,0,0,0
AK157302,0,0,0,0,1,0,0,0
Gm5766,0,0,0,0,0,1,0,0
Noct,0,0,1,0,0,0,1,1
Morf4l1b,0,0,1,0,0,0,0,0
Hacd2,0,0,0,1,0,1,1,0
Uqcrfs1,1,1,0,0,1,1,1,1
Kcnh6,0,0,0,0,0,0,1,0
n-R5s168,0,0,0,0,0,0,0,1
D17Wsu92e,0,1,0,0,0,0,1,0
Hacl1,0,1,0,1,0,1,1,0
Akap12,0,0,0,0,1,0,0,0
Rgag1,0,0,0,0,0,1,0,0
Pik3c2g,0,0,0,0,0,0,1,0
Nudt7,0,1,1,1,0,1,1,1
Dapk3,0,1,0,0,0,0,0,0
Akap2,0,0,0,0,1,0,0,0
Olfr735,0,0,0,0,0,0,0,1
Mrps23,1,1,0,0,1,0,1,0
Mrps36,0,1,1,0,0,1,1,0
Hba-a1,0,0,0,1,0,0,1,0
Tmem79,0,1,1,0,1,1,1,1
Tmem56,0,0,0,0,0,0,1,0
Mrps27,1,0,0,0,0,1,1,0
Akap7,0,0,0,0,1,0,0,0
Arhgef37,0,0,0,0,0,0,1,0
P2rx5,1,1,0,1,1,1,1,1
Mtx2,0,1,1,0,1,0,1,0
Hba-a2,0,0,0,1,1,0,1,0
Akr1b10,0,0,0,0,1,1,1,0
Hist1h1c,0,0,0,0,0,1,1,0
Gm17147,0,0,0,0,0,1,1,0
Akr1b8,0,0,0,0,1,0,1,0
Hdhd3,0,0,0,0,0,1,0,0
Gm2451,0,0,0,0,0,0,1,0
Paqr9,1,1,1,1,0,0,1,1
Ndufa10,0,1,1,1,1,1,1,0
Suclg1,1,1,1,0,1,1,1,1
Gm20721,0,0,0,0,1,0,1,0
Pdhb,0,1,1,1,1,1,1,1
Mylk2,1,0,0,0,0,0,0,0
Ndufab1,1,1,1,0,1,1,1,0
Hipk1,0,0,0,1,1,0,1,0
Akt3,0,0,0,0,1,0,0,0
Ryr2,0,0,0,0,0,0,1,0
Myot,1,0,0,0,1,0,0,0
Hoxb7,0,0,0,1,0,0,0,0
Aktip,0,0,0,0,1,0,0,0
Prss27,0,0,0,0,0,1,0,0
Pim1,1,0,0,0,1,1,1,1
Nat8l,1,0,0,0,1,0,1,0
Derl1,0,1,0,0,0,0,0,0
Hoxb8,0,0,0,1,0,0,0,0
Minos1,0,0,0,0,1,1,1,0
Apoa2,0,0,0,0,0,1,1,0
Ndrg2,1,0,0,0,0,1,0,0
Dgat1,0,1,0,0,1,0,0,0
Ndufb9,0,0,1,0,1,1,1,0
Hsd17b14,0,0,0,1,0,0,0,0
Alkbh3,0,0,0,0,1,0,1,0
Hist2h3c1,0,0,0,0,0,1,0,0
Sco2,0,0,0,0,0,0,1,0
Pfkl,1,1,1,0,1,1,1,1
Ndufa8,1,1,0,0,1,1,1,0
Ndufs1,0,1,1,0,1,1,1,0
Alkbh7,0,0,0,0,1,0,1,0
Fdps,0,1,0,0,0,1,1,0
Ndufa9,1,1,0,0,1,1,1,0
Ndufs4,0,1,1,0,1,1,1,0
Amotl1,0,0,0,0,1,0,0,0
Pgd,0,1,0,0,1,1,1,1
Dhrs7b,0,1,0,0,1,0,0,0
Ndufv1,0,1,1,0,1,1,1,0
Ido1,0,0,0,1,0,0,0,0
Ampd3,0,0,0,0,1,0,1,0
Gm15446,0,0,0,0,0,1,0,0
Pgk1,1,1,1,0,1,1,1,1
Amz2,0,0,0,0,1,0,0,0
Sdhd,1,1,1,0,1,1,1,1
Ndufb8,1,1,0,0,1,1,1,0
Ndufv2,0,1,1,0,1,1,1,0
Inca1,0,0,0,1,0,0,0,0
Anapc10,0,0,0,0,1,0,0,0
Gm43595,0,0,0,0,0,1,1,0
Anapc13,0,0,0,0,1,0,0,0
Lrfn3,0,0,0,0,0,0,1,0
Plin5,1,1,1,1,1,1,1,1
Nr1d1,1,0,0,1,1,0,0,0
Ntrk3,0,0,1,0,1,0,1,0
Katnal2,0,0,0,1,0,0,0,0
Cacng5,0,0,0,0,0,0,1,0
Pmm1,0,1,0,0,1,1,1,1
n-R5s176,1,0,0,0,0,0,0,0
Nudt12,0,1,1,1,0,1,1,0
Angpt1,0,0,0,0,1,0,0,0
Pmvk,0,1,0,0,1,1,1,1
Nrap,1,0,0,0,0,0,0,0
Kbtbd12,0,0,0,1,0,0,0,0
Angptl2,0,0,0,0,1,0,0,0
Ephx2,0,0,0,0,0,1,1,0
Gm5421,0,0,0,0,0,0,1,0
Ogdh,1,1,1,0,1,1,1,0
Ank,0,0,0,0,1,0,1,0
Tfrc,1,1,0,0,1,0,1,0
Ppargc1a,1,1,1,1,1,0,1,1
Oplah,1,1,0,1,0,1,1,0
Opa1,0,1,1,0,1,0,1,0
Kcnj15,0,0,0,1,0,0,1,0
Ank2,0,0,0,0,1,0,1,0
Cd164l2,0,0,0,0,0,1,1,0
Ppargc1b,1,1,1,1,1,0,1,1
Orm3,1,0,0,1,0,0,1,0
Echs1,0,1,0,0,1,1,1,0
Kcnmb2,0,0,0,1,0,0,0,0
Ankef1,0,0,0,0,1,0,0,0
RP23-296K6.1,0,0,0,0,0,1,0,0
Pld6,0,0,0,1,0,0,1,0
Ppif,1,1,1,0,0,1,1,1
Eci1,0,1,0,0,1,1,1,0
Kcns3,0,0,0,1,0,0,0,0
Sod2,0,1,1,1,1,1,1,1
Gm14567,0,0,0,0,0,0,1,0
Ppih,0,0,0,0,0,0,0,1
Kif1b,0,0,0,1,0,0,0,0
Ankmy2,0,0,0,0,1,0,0,0
Rmdn1,0,1,1,1,1,1,1,0
P2ry2,1,0,0,0,0,1,1,0
Ehd2,0,1,0,0,1,0,0,0
Klra20,0,0,0,1,0,0,0,0
Ankrd13a,0,0,0,0,1,0,1,0
Thrsp,0,0,0,0,1,1,1,0
Apln,0,0,0,0,0,0,1,0
Ankrd23,0,0,0,0,1,0,0,0
Gm20594,0,0,0,0,0,1,0,0
Prdx3,0,1,0,0,1,1,1,1
Pald1,1,1,0,0,1,0,1,0
Eif2s3x,0,1,0,0,0,0,0,0
Kras,0,0,0,1,0,0,0,0
Calb1,0,0,0,0,0,1,0,0
Ran,0,0,0,0,0,0,0,1
Eif4a1,0,1,0,0,0,0,0,0
Pde4d,0,0,0,0,0,1,1,0
Bdh1,0,0,0,0,0,0,1,0
Rasl2-9,0,0,0,1,0,1,1,1
Ano1,0,0,0,0,1,0,1,0
Ppp1r3c,0,1,0,0,1,1,0,0
1700011H14Rik,0,0,0,0,0,0,1,0
Rbp7,1,1,0,0,1,0,1,1
Pcyt2,1,1,0,0,0,0,1,0
Pcca,0,1,1,0,1,1,1,0
Ano10,0,0,0,0,1,0,0,0
Kcnb1,0,1,0,0,1,1,1,0
Eif5a,0,1,0,0,0,0,0,0
Ano6,0,0,0,0,1,0,0,0
E2f2,0,0,0,0,0,0,1,0
Rgs7,0,1,1,0,1,0,1,1
Pdk2,1,1,0,0,1,1,1,0
Ano8,0,0,0,0,1,0,0,0
Rmdn3,1,1,1,0,0,1,1,1
Antxr1,0,0,0,0,1,0,0,0
Tkt,0,1,1,1,1,1,1,0
Hbb-bt,0,0,0,0,0,0,1,0
Rtn4ip1,0,1,0,0,1,1,1,1
Per1,1,0,0,0,0,0,0,0
Anxa1,0,0,0,0,1,0,0,0
Rnf128,0,0,0,0,0,0,1,0
Anxa2,0,0,0,0,1,0,0,0
Fuom,0,1,0,0,0,1,1,0
Rsph1,0,0,0,0,0,0,1,0
Sbk1,1,0,0,0,0,0,1,1
Anxa3,0,0,0,0,1,0,0,0
Pfkm,1,0,0,0,1,0,1,0
Eno1,0,1,0,0,0,1,1,0
Anxa5,0,0,0,0,1,0,0,0
Nav2,0,0,0,0,0,1,1,0
LOC102632957,0,0,0,1,0,0,0,0
Anxa6,0,0,0,0,1,0,0,0
Uqcrb,0,0,0,0,1,1,1,0
Slc1a1,0,0,0,0,0,0,1,0
Sephs2,0,0,0,0,0,0,0,1
LOC102640772,0,0,0,1,0,0,0,0
Aoc3,0,0,0,0,1,0,0,0
Aig1,0,0,0,0,0,0,1,0
Slc16a1,1,1,1,0,1,1,1,1
Pgp,1,1,0,0,1,1,1,0
Eno1b,0,1,0,0,0,0,0,0
LOC102642310,0,0,0,1,0,0,0,0
Ap1g2,0,0,0,0,1,0,1,0
LOC102642487,0,0,0,1,0,0,0,0
Ap1m1,0,0,0,0,1,0,1,0
Tmem45a,0,0,0,1,0,0,1,0
LOC102643084,0,0,0,1,0,0,0,0
Ap3s1-ps2,0,0,0,0,1,0,0,0
Pth1r,0,0,0,0,0,1,0,0
Rundc3a,0,0,0,0,0,1,1,0
Slc25a42,1,0,1,1,0,1,1,1
Pmepa1,1,0,0,0,1,0,0,0
Epas1,0,1,0,0,1,0,1,0
Pm20d1,0,0,1,1,0,0,1,0
LOC102643259,0,0,0,1,0,0,0,0
Ap4s1,0,0,0,0,1,0,0,0
Efhc2,0,0,0,0,0,0,1,0
Epb41l2,0,1,0,0,1,0,0,0
Polrmt,0,0,1,0,0,0,1,0
Lpar3,0,0,0,1,0,0,0,0
Aplnr,0,0,0,0,1,0,1,0
Hspa9,0,1,0,0,0,1,1,0
Epn2,0,1,0,0,0,0,0,0
Lrrc39,0,1,0,1,1,0,1,0
Sdc4,0,0,0,0,0,1,0,0
Gnmt,0,0,0,0,0,0,1,0
Ergic1,0,1,0,0,0,0,1,0
Lrriq3,0,0,0,1,0,0,0,0
Apmap,0,0,0,0,1,0,1,0
Traf4,1,0,0,0,0,1,1,1
Slmo2,1,0,0,0,1,1,1,1
Ermp1,0,1,0,0,0,0,0,0
Mcur1,0,0,0,1,1,0,0,0
Apobec3,0,0,0,0,1,0,0,0
Apod,0,0,0,0,1,0,0,0
Dusp14,0,0,0,0,0,0,1,0
Spata17,0,0,0,0,1,0,1,1
Prkaa2,1,0,0,0,0,1,1,0
Mgll,0,0,0,1,1,0,1,0
Apol6,0,0,0,0,1,0,0,0
Mrpl12,0,0,0,0,0,1,1,0
Gm4459,0,0,0,0,0,1,1,0
Ptges2,1,1,0,0,1,1,1,0
Mgst2,0,0,0,1,1,0,0,0
Smtnl2,0,0,0,0,0,1,0,0
Rab1b,1,1,0,0,0,0,1,0
Taco1,0,0,0,0,0,1,1,1
Ptcd3,0,1,1,0,1,1,1,0
Mtch2,0,1,0,1,1,1,1,0
Tcl1b1,0,0,0,0,0,0,0,1
Rbm38,1,0,0,0,0,0,0,0
Fam101a,0,1,0,0,0,0,0,0
Pyurf,0,1,1,0,1,1,1,0
Mid1ip1,0,0,0,0,0,1,0,0
Rpl10-ps1,0,0,0,0,0,0,1,0
Timm8a1,1,0,0,0,0,1,1,1
Fam132a,0,1,0,0,1,1,1,0
Qk,0,0,1,0,1,0,1,0
Mtus1,0,1,0,1,0,0,0,0
Apopt1,0,0,0,0,1,0,0,0
Garnl3,0,0,0,0,1,1,1,0
Ptger1,0,0,0,0,0,0,1,0
Rbpms2,1,1,1,1,0,1,1,0
Rab6b,0,0,1,0,1,0,1,0
Muc16,0,0,0,1,0,0,0,0
App,0,0,0,0,1,0,0,0
2310039H08Rik,0,0,0,0,0,1,1,0
Acot5,0,0,0,0,0,0,1,0
Raph1,0,0,1,0,0,0,1,0
Aqp1,0,0,0,0,1,0,1,0
Rhot2,1,0,0,0,1,0,1,0
Rbpms,0,1,1,0,0,0,1,0
Nat1,0,0,0,1,0,0,1,0
Rims4,0,0,0,0,0,1,0,0
Trim2,0,0,0,0,0,0,1,0
Arhgap10,0,0,0,0,1,0,0,0
Gm15387,0,0,0,0,0,0,1,0
Rnasek,1,0,0,0,0,0,0,0
Arhgap24,0,0,0,0,1,0,0,0
Rnf126,1,0,0,0,0,0,1,0
Arhgap26,0,0,0,0,1,0,1,0
Ucp3,1,1,0,1,1,0,1,1
Arhgap31,0,0,0,0,1,0,0,0
Nfil3,0,0,0,0,0,1,1,0
Pde4a,0,0,0,0,1,1,1,0
Uqcrc1,1,1,1,0,1,1,1,1
Samm50,1,0,0,0,1,0,1,0
Nol3,0,1,0,1,1,1,1,0
Arhgdia,0,0,0,0,1,0,0,0
Cox7b,0,0,0,0,1,1,1,0
Arhgef15,0,0,0,0,1,0,1,0
Pkdrej,0,0,0,0,0,0,1,0
Uqcrq,0,1,0,0,0,1,1,1
Scd3,1,0,0,0,0,0,1,0
Nrg4,0,1,0,1,1,0,1,0
Arhgef2,0,0,0,0,1,0,1,0
9030612E09Rik,0,0,0,0,0,1,0,0
Xrcc3,1,0,0,0,0,0,1,1
Rtn4,0,0,1,0,1,1,1,0
Arhgef28,0,0,0,0,1,0,1,0
Xrcc6,1,0,0,0,1,1,1,1
Sdr39u1,1,1,0,0,1,0,1,0
Arhgef40,0,0,0,0,1,0,0,0
Nxnl1,0,0,0,1,1,0,0,0
Arhgef6,0,0,0,0,1,0,0,0
BC028528,0,0,0,0,1,0,1,0
Serpina3i,1,0,0,0,0,0,0,0
Scp2,0,1,1,0,0,0,0,0
Arhgef9,0,0,0,0,1,0,0,0
Sh2b2,1,1,0,0,1,0,1,0
Optn,0,0,0,1,0,0,1,0
Arl2,0,0,0,0,1,0,0,0
Cyp51,0,0,0,0,0,1,0,0
Shmt1,1,0,0,0,0,0,1,0
Shox2,0,0,1,0,0,0,1,0
Sec14l2,0,0,0,0,0,0,1,0
Sik1,1,0,0,0,0,0,1,0
Fxr2,0,1,0,0,0,0,0,0
Sirt3,0,1,1,0,0,0,1,0
C77080,0,0,0,0,0,0,1,0
Fzd4,0,1,0,0,1,0,0,0
Arrb1,0,0,0,0,1,0,0,0
Cdkn1a,0,0,0,0,1,1,1,0
G6pd2,0,1,0,0,0,0,0,0
Padi3,0,0,0,1,0,0,0,0
Art3,0,0,0,0,1,0,0,0
Slc25a17,1,1,0,0,0,1,1,0
G6pdx,0,1,0,0,1,1,1,0
Arxes2,0,0,0,0,1,0,0,0
C7,0,0,0,0,1,0,0,0
Slc25a39,1,1,1,0,0,1,1,0
Asap2,0,0,0,0,1,0,0,0
Vmn1r-ps128,0,0,0,0,0,1,0,0
Tmem246,0,0,1,0,1,0,1,0
Slc25a22,1,1,0,0,0,0,0,0
Hadh,0,1,0,0,1,1,1,0
Trim66,0,0,0,0,0,0,1,0
Txlnb,1,0,0,0,1,0,1,0
Gapdh-ps15,0,1,0,0,1,0,0,0
Slc25a51,1,1,1,0,1,1,1,0
Aste1,0,0,0,0,1,0,1,0
Aldh1b1,0,0,0,0,0,0,1,0
Pck1,0,1,0,1,0,0,1,0
Atf2,0,0,0,0,1,0,0,0
B330016D10Rik,0,0,0,0,0,1,1,0
Rps6ka1,0,0,0,0,0,0,1,0
Slc25a44,1,0,0,0,0,0,1,0
Gde1,0,1,0,0,0,0,1,0
Pcsk4,0,0,0,1,0,0,1,0
Atf3,0,0,0,0,1,0,0,0
Slc36a2,0,1,1,0,1,1,1,0
Atf7,0,0,0,0,1,0,0,0
Nabp1,0,1,0,0,1,1,0,0
Emp1,0,0,0,0,1,0,0,0
Slc27a1,1,1,0,0,1,0,0,0
Gfm2,0,1,0,0,0,0,1,0
Slc40a1,0,0,1,0,0,0,1,0
Atg10,0,0,0,0,1,0,0,0
Agbl2,0,0,0,0,0,1,1,0
Slc4a4,1,1,1,1,1,0,1,0
Atmin,0,0,0,0,1,0,0,0
Il1rn,0,0,0,0,0,0,1,0
Slc2a4,1,1,0,0,1,1,1,0
Smyd4,0,1,1,1,0,0,1,0
Pdp2,0,0,0,1,0,0,1,0
Unc5a,0,0,0,0,0,1,0,0
Abtb2,0,0,0,0,0,0,1,0
Per3,0,0,0,1,0,0,0,0
Atp1b3,0,0,0,0,1,0,0,0
Gm7206,0,0,0,0,0,1,0,0
Gm3724,0,0,0,0,0,0,1,0
Atp2a2,0,0,0,0,1,0,1,0
Rnf152,0,0,0,0,0,0,1,0
Stradb,1,1,1,0,0,0,1,0
Snord42b,1,0,0,0,0,0,0,0
Glrx,0,1,0,0,0,0,1,0
Atp5b,0,0,0,0,1,1,1,0
Tstd3,1,1,0,0,0,1,1,0
Id2,0,0,0,0,0,0,1,0
Srl,1,0,0,0,1,1,1,0
Glul,0,1,0,0,0,1,1,0
Pex19,0,1,0,1,0,0,1,0
Prrg4,0,0,0,0,0,0,1,0
Gm21540,0,1,0,0,0,0,0,0
Svip,0,0,1,0,0,0,0,0
Pex3,0,0,0,1,1,0,1,0
Atp5e,0,0,0,0,1,1,0,0
Tst,0,0,0,0,0,1,0,0
Pfkfb3,0,0,0,1,1,0,0,0
Atp5f1,0,0,0,0,1,1,1,0
Gm20657,0,0,0,0,0,1,0,0
Cx3cl1,0,0,0,0,0,0,1,0
Tfb2m,0,0,1,0,1,0,1,0
Pigl,0,0,0,1,0,0,0,0
Atp5g2,0,0,0,0,1,0,0,0
Tbrg4,1,1,0,0,1,0,1,0
Gm2a,0,1,0,0,0,0,0,0
Timm44,1,1,1,0,1,1,1,0
Rgs2,0,0,0,0,1,1,1,0
Ifi205,0,0,0,0,1,0,0,0
Tesk1,1,0,0,0,1,0,0,0
Gm3244,0,1,0,0,0,1,1,0
Pir,0,0,0,1,0,0,0,0
Atp5h,0,0,0,0,1,1,1,0
Ccdc106,0,0,0,0,0,1,1,0
Fam64a,0,0,0,0,0,0,1,0
Gm37416,0,1,0,0,0,0,0,0
Timm9,1,1,1,0,0,0,1,0
Gm3873,0,1,0,0,0,0,0,0
Atp5k,0,0,0,0,1,1,1,0
Kcnab3,0,0,0,0,0,1,1,0
Gm39743,0,1,0,0,0,0,0,0
Tmed5,0,0,1,0,1,0,1,0
Plet1os,0,0,0,1,1,0,0,0
Atp5l,0,0,0,0,1,1,1,0
Gm40611,0,1,0,0,0,0,0,0
Atp5l-ps1,0,0,0,0,1,0,0,0
Etfb,0,0,0,0,0,1,1,0
Gm13597,0,0,0,0,0,0,1,0
Gm4246,0,1,0,0,0,0,0,0
Tmem254a,0,0,0,0,0,1,1,0
Olfml2a,0,0,0,0,0,0,1,0
Tmem143,1,1,0,0,1,0,1,0
Gm7338,0,1,0,0,0,0,0,0
Tmem184c,0,0,1,0,0,0,0,0
Atp6v0a2,0,0,0,0,1,0,1,0
Tmem254b,0,0,0,0,0,1,1,0
Gm8465,0,1,0,0,0,0,0,0
Tmem206,0,0,1,0,0,0,0,0
Atp6v0e,0,0,0,0,1,0,1,0
Plbd1,0,0,0,0,1,0,1,0
Tmem98,1,0,0,0,0,0,0,0
Gna12,0,1,0,0,0,0,1,0
Pnldc1,0,0,0,1,1,0,1,0
Atp6v1a,0,0,0,0,1,0,0,0
mt-Nd2,0,0,0,0,0,1,1,0
Tob2,1,0,0,0,0,0,0,0
Tmem38b,0,1,1,0,0,0,0,0
Pnpla2,0,0,0,1,1,0,0,0
Atp6v1b2,0,0,0,0,1,0,0,0
Gm7488,0,0,0,0,0,0,1,0
Tomm40,1,1,0,0,1,1,1,0
Golph3,0,1,0,0,0,0,0,0
Atp6v1d,0,0,0,0,1,0,1,0
Tenm2,0,0,0,0,0,0,1,0
Gosr2,0,1,0,0,0,0,0,0
Tmlhe,0,1,1,0,1,1,1,0
Por,0,1,0,1,0,0,0,0
Atp8a1,0,0,0,0,1,0,1,0
Gm17952,0,0,0,0,0,1,0,0
Nmb,0,0,0,0,0,1,1,0
Trp53inp2,1,0,0,0,0,0,1,0
Atpaf1,0,0,0,0,1,0,0,0
Ndufc1,0,1,0,0,1,1,1,0
Ptgds,0,0,0,0,1,0,1,0
Gpam,0,1,0,0,1,1,0,0
Tspan18,0,1,1,1,1,0,1,0
AU020206,0,0,0,0,1,0,0,0
St6galnac6,0,0,0,0,0,0,1,0
Tuba4a,1,0,0,0,0,0,1,0
Ubc,0,0,1,0,0,0,1,0
Auh,0,0,0,0,1,0,0,0
Grip1,0,0,0,0,0,0,1,0
Ubxn2a,0,0,1,0,1,0,1,0
AW549877,0,0,0,0,1,0,0,0
Ndufb5,0,1,0,0,1,1,1,0
Gm10293,0,0,0,0,1,0,1,0
B230369F24Rik,0,0,0,0,1,0,0,0
Tex40,0,0,0,0,0,0,1,0
Tysnd1,1,1,0,0,0,1,1,0
Ufsp1,0,0,1,0,0,0,0,0
B3galt2,0,0,0,0,1,0,0,0
Gm11407,0,0,0,0,0,1,0,0
Gm6565,0,0,0,0,0,0,1,0
Uck2,1,0,0,0,1,0,1,0
Gpi1,0,1,0,0,1,1,1,0
Uqcr10,1,1,1,1,1,1,1,0
B3glct,0,0,0,0,1,0,0,0
Gm10762,0,0,0,0,0,1,1,0
Lynx1,0,0,0,0,1,0,1,0
B430212C06Rik,0,0,0,0,1,0,0,0
Cspg5,0,0,0,0,0,1,0,0
Sh3bgrl2,0,0,0,0,0,0,1,0
St6galnac5,0,0,0,1,0,0,0,0
B4galt4,0,0,0,0,1,0,0,0
Gpihbp1,0,1,0,0,1,0,1,0
Vwa8,0,1,1,1,0,1,1,0
Bag1,0,0,0,0,1,0,0,0
Thbd,0,0,0,0,1,0,0,0
Gpt2,0,1,0,0,0,0,0,0
Prkar2b,0,0,0,1,1,0,1,0
Bbof1,0,0,0,0,1,0,0,0
Atp5j2,0,0,0,0,0,1,1,0
Gpx4,0,1,0,0,1,0,1,0
Rad51d,0,1,0,1,0,0,0,0
Ndufa6,0,0,0,0,0,1,1,0
Grpel1,0,1,0,0,0,1,1,0
Rasd1,0,0,0,1,1,0,0,0
BC004004,0,0,0,0,1,1,1,0
Gfra1,0,0,0,0,0,0,1,0
Gtf2i,0,1,0,0,0,0,0,0
Mrps2,0,1,0,0,1,1,1,0
Cfap161,0,0,0,0,0,0,1,0
Tuba1a,0,0,0,0,1,0,0,0
Zadh2,1,0,0,0,0,1,1,0
Guk1,0,1,0,0,0,0,0,0
BC029722,0,0,0,0,1,0,0,0
Zfp768,1,0,0,0,0,0,1,0
Rdh16,0,0,0,1,0,0,0,0
BC034902,0,0,0,0,1,0,0,0
BC049352,0,0,0,0,0,1,1,0
Oscar,0,0,0,0,0,0,1,0
Reg3g,0,0,0,1,0,0,0,0
Bcam,0,0,0,0,1,0,1,0
Ndufs7,0,0,0,0,1,1,1,0
Ninl,0,0,0,0,0,0,1,0
H1f0,0,1,0,0,0,0,0,0
Bcat2,0,0,0,0,1,0,0,0
Mrpl34,0,1,0,0,1,1,1,0
Epha3,0,0,0,0,0,0,1,0
Rhof,0,0,0,1,0,0,0,0
Ndufb4,0,1,0,0,1,1,1,0
Tmem184a,0,0,0,0,0,0,1,0
Rilp,0,1,0,1,0,0,1,0
Bcl6b,0,0,0,0,1,0,1,0
Slc25a1,0,1,0,0,1,1,1,0
Gm826,0,0,0,0,0,0,1,0
Bcl7b,0,0,0,0,1,0,0,0
Hbs1l,0,1,0,0,0,0,0,0
Ropn1l,0,0,0,1,0,0,0,0
Bcs1l,0,0,0,0,1,0,1,0
Hist1h2bc,0,0,0,0,0,1,0,0
Rsad1,0,0,0,1,0,0,0,0
Bhlhb9,0,0,0,0,1,0,0,0
Myom1,0,0,0,0,1,0,1,0
Hemk1,0,1,0,0,0,0,0,0
Bhlhe41,0,0,0,0,1,0,0,0
Ndufs3,0,0,0,0,1,1,1,0
Pde1c,0,0,0,0,0,0,1,0
S100a8,0,0,0,1,0,0,0,0
Bmp6,0,0,0,0,1,0,1,0
Grrp1,0,0,0,0,0,0,1,0
Higd1a,0,1,0,0,0,1,1,0
Bmpr2,0,0,0,0,1,0,0,0
Dcaf12l1,0,0,0,0,0,1,1,0
Higd1c,0,1,0,0,0,0,0,0
Sdsl,0,0,0,1,0,1,1,0
Borcs8,0,0,0,0,1,0,0,0
Cst7,0,0,0,0,0,0,1,0
Serpina12,0,0,0,1,0,0,0,0
Gm20696,0,0,0,0,0,1,0,0
Hoxc6,0,1,0,0,1,0,0,0
Slc1a5,0,0,0,1,1,0,0,0
Brms1l,0,0,0,0,1,0,0,0
Slc43a2,0,0,0,0,0,0,1,0
Aspn,0,0,0,0,0,0,1,0
Slc24a3,0,0,0,1,1,0,1,0
Bscl2,0,0,0,0,1,0,0,0
Pax8,0,0,0,0,0,1,0,0
Cerkl,0,0,0,0,0,0,1,0
Btbd1,0,0,0,0,1,0,1,0
Galr2,0,0,0,0,0,1,0,0
Gm6768,0,0,0,0,0,0,1,0
Bank1,0,0,0,0,0,0,1,0
Slc25a31,0,0,0,1,0,0,0,0
Btbd10,0,0,0,0,1,0,0,0
Sptbn5,0,0,0,0,0,1,1,0
Cyp4b1,0,0,0,0,1,0,1,0
Slc25a33,0,1,0,1,0,1,1,0
Btg2,0,0,0,0,1,0,0,0
Pllp,0,0,0,0,0,1,0,0
Zfp534,0,0,0,0,0,0,1,0
Btg3,0,0,0,0,1,0,0,0
Dnajb3,0,0,0,0,0,1,0,0
Cox4i1,0,0,0,0,1,1,1,0
Hspb8,0,1,0,0,0,0,0,0
Bzw2,0,0,0,0,1,0,0,0
Nectin2,0,0,0,0,0,0,1,0
Slc4a1,0,0,0,1,0,0,0,0
Hist1h4i,0,0,0,0,0,1,1,0
Ccl21a,0,0,0,0,1,0,0,0
C030037D09Rik,0,0,0,0,1,0,0,0
C1qtnf9,0,0,0,0,1,0,1,0
Ccl21c,0,0,0,0,1,0,0,0
C2cd5,0,0,0,0,1,0,0,0
Slc9a6,0,0,0,1,1,0,0,0
C330018D20Rik,0,0,0,0,1,0,0,0
Ifi27,0,0,0,0,1,1,1,0
Rasl10a,0,0,0,0,0,0,1,0
Slitrk4,0,0,0,1,0,0,0,0
Pde4b,0,0,0,0,0,0,1,0
Cab39,0,0,0,0,1,0,1,0
Cbfa2t3,0,0,0,0,0,0,1,0
Igfbp4,0,1,0,0,0,0,0,0
Cables1,0,0,0,0,1,0,1,0
Immp2l,0,1,0,0,0,0,1,0
Snap25,0,0,0,1,0,0,0,0
Cacna2d1,0,0,0,0,1,0,1,0
Slitrk2,0,0,0,0,0,1,0,0
Zfp52,0,0,0,0,0,0,1,0
Cacybp,0,0,0,0,1,0,0,0
6430573F11Rik,0,0,0,0,0,1,1,0
As3mt,0,0,0,0,0,0,1,0
Snca,0,0,0,1,0,0,1,0
Cd209g,0,0,0,0,1,0,0,0
Ing4,0,1,0,0,0,0,0,0
Calcoco1,0,0,0,0,1,0,0,0
Lurap1,0,0,0,0,1,1,1,0
Camsap2,0,0,0,0,1,0,0,0
Romo1,0,0,0,0,0,1,0,0
Ckb,0,0,0,0,0,0,1,0
Isca1,0,1,0,0,1,0,1,0
Sox6,0,0,0,1,1,0,1,0
Capn2,0,0,0,0,1,0,0,0
P2ry1,0,0,0,0,0,0,1,0
Capn3,0,0,0,0,1,0,0,0
Tmc7,0,0,0,0,0,1,1,0
Gm12247,0,0,0,0,0,0,1,0
Jak1,0,1,0,0,0,0,0,0
Capns1,0,0,0,0,1,0,1,0
Clpx,0,0,0,0,0,1,1,0
Cenpa,0,0,0,0,0,0,1,0
Kcmf1,0,1,0,0,1,0,1,0
Sox6os,0,0,0,1,1,0,0,0
Caprin2,0,0,0,0,1,0,0,0
Sorl1,0,0,0,0,1,0,1,0
Sphk2,0,0,0,1,0,0,0,0
Capza1,0,0,0,0,1,0,1,0
Gm6316,0,0,0,0,0,1,0,0
Dpep1,0,0,0,0,1,0,1,0
Clec3b,0,0,0,0,1,0,0,0
Kcnh3,0,1,0,0,0,0,0,0
Srxn1,0,1,0,1,0,0,1,0
Car11,0,0,0,0,1,0,1,0
Sult5a1,0,0,0,0,0,0,1,0
Ssc4d,0,0,0,1,0,0,0,0
Car13,0,0,0,0,1,0,1,0
Sdhb,0,1,0,0,1,1,1,0
Vps37d,0,0,0,0,0,1,1,0
Col1a1,0,0,0,0,1,0,0,0
Stau2,0,0,0,1,1,0,1,0
Fmo1,0,0,0,0,0,1,1,0
Zswim5,0,0,0,0,0,0,1,0
Col1a2,0,0,0,0,1,0,0,0
Lactb2,0,1,0,0,0,1,1,0
Ccdc80,0,0,0,0,1,0,0,0
Syn2,0,0,0,1,1,0,0,0
Car5b,0,0,0,0,1,0,0,0
Tmprss6,0,0,0,0,0,1,1,0
Col3a1,0,0,0,0,1,0,0,0
Syt12,0,0,0,1,0,0,0,0
Carnmt1,0,0,0,0,1,0,1,0
Etfa,0,0,0,0,1,1,1,0
Gm5069,0,0,0,0,1,1,1,0
Ldb1,0,1,0,0,0,0,0,0
Tbata,0,0,0,1,0,1,0,0
Cav1,0,0,0,0,1,0,0,0
Cox7c,0,0,0,0,0,1,1,0
Sgol2a,0,0,0,0,0,0,1,0
Col6a1,0,0,0,0,1,0,0,0
Tbc1d2,0,0,0,1,0,0,0,0
Cav2,0,0,0,0,1,0,0,0
Tcp10b,0,0,0,1,0,0,0,0
Cbl,0,0,0,0,1,0,0,0
Trpv3,0,0,0,0,0,1,0,0
Fmo2,0,0,0,0,0,0,1,0
Col6a3,0,0,0,0,1,0,0,0
Tcp10c,0,0,0,1,0,0,0,0
Ccdc28b,0,0,0,0,1,0,1,0
Ndufa5,0,0,0,0,1,1,1,0
Epor,0,0,0,0,0,0,1,0
Cpa3,0,0,0,0,0,0,1,0
Tef,0,0,0,1,0,0,0,0
Ccdc3,0,0,0,0,1,0,0,0
Rapgef5,0,0,0,0,0,0,1,0
Ccnd2,0,0,0,0,1,0,0,0
Ccdc69,0,0,0,0,1,0,0,0
Cox6b2,0,0,0,0,0,1,1,0
St14,0,0,0,0,0,0,1,0
Ccdc82,0,0,0,0,1,0,0,0
Col12a1,0,0,0,0,1,0,1,0
Lipe,0,1,0,0,1,0,0,0
Tmem120b,0,0,0,1,1,0,0,0
Ccdc85a,0,0,0,0,1,0,0,0
Rnf217,0,0,0,0,0,1,0,0
Erbb3,0,0,0,0,0,0,1,0
Tmem179,0,0,0,1,0,0,0,0
Ccdc88a,0,0,0,0,1,0,0,0
Itpka,0,0,0,0,0,1,0,0
Lman1,0,1,0,0,0,0,0,0
Tmem201,0,0,0,1,0,0,0,0
Ccl11,0,0,0,0,1,0,0,0
Gm14667,0,0,0,0,0,1,0,0
Ngef,0,0,0,0,0,0,1,0
LOC102641229,0,1,0,0,0,0,0,0
LOC102641387,0,1,0,0,0,0,0,0
Asns,0,0,0,0,0,1,0,0
LOC105242484,0,1,0,0,0,0,0,0
Tppp,0,0,0,1,1,0,1,0
Uqcrh,0,0,0,0,1,1,1,0
Tmem221,0,0,0,0,0,0,1,0
Lpcat3,0,1,0,0,0,1,1,0
Trim67,0,0,0,1,0,0,1,0
Lrrc24,0,1,0,0,0,0,1,0
Ccng1,0,0,0,0,1,0,1,0
Efcab12,0,0,0,0,0,1,0,0
F13a1,0,0,0,0,1,0,0,0
Ccng2,0,0,0,0,1,0,0,0
Zfp827,0,0,0,0,1,0,1,0
Lss,0,1,0,0,0,0,1,0
Ttll8,0,0,0,1,0,0,0,0
Cd151,0,0,0,0,1,0,0,0
Elavl3,0,0,0,0,0,1,1,0
Ltc4s,0,1,0,0,1,0,1,0
Cd200,0,0,0,0,1,0,1,0
Fam65b,0,0,0,0,0,0,1,0
Ly6g6c,0,1,0,0,0,0,0,0
Lime1,0,0,0,0,0,0,1,0
Fbn1,0,0,0,0,1,0,0,0
Lypla1,0,1,0,0,0,0,1,0
Cd248,0,0,0,0,1,0,0,0
Cd274,0,0,0,0,1,0,1,0
B4galnt2,0,0,0,0,0,0,1,0
Mapk14,0,1,0,0,0,0,0,0
Cd300lg,0,0,0,0,1,0,1,0
Mbnl2,0,1,0,0,1,0,1,0
Vldlr,0,0,0,1,1,0,1,0
Cd34,0,0,0,0,1,0,0,0
Tspan15,0,0,0,0,1,1,1,0
Cd36,0,0,0,0,1,0,0,0
Tmem14c,0,1,0,0,0,1,1,0
Krt222,0,0,0,0,0,0,1,0
Cd59b,0,0,0,0,1,0,0,0
Tjp3,0,0,0,0,0,0,1,0
Fstl1,0,0,0,0,1,0,0,0
Vmn2r1,0,0,0,1,0,0,1,0
Cd74,0,0,0,0,1,0,1,0
Ndufa11,0,0,0,0,0,1,1,0
Nceh1,0,0,0,0,0,0,1,0
Cd93,0,0,0,0,1,0,1,0
Mum1l1,0,0,0,0,0,1,0,0
Abhd8,0,0,0,0,0,0,1,0
Methig1,0,1,0,0,0,0,0,0
Cd99l2,0,0,0,0,1,0,0,0
Fibin,0,0,0,0,0,1,1,0
Gas1,0,0,0,0,0,0,1,0
Mettl7a1,0,1,0,0,0,0,0,0
Cdc42,0,0,0,0,1,0,0,0
Mgrn1,0,1,0,0,0,0,1,0
Cdc42se2,0,0,0,0,1,0,0,0
Mknk2,0,1,0,0,1,0,0,0
Cdh13,0,0,0,0,1,0,1,0
Ndufb2,0,0,0,0,0,1,1,0
Mlec,0,1,0,0,1,0,0,0
Ckm,0,0,0,0,1,0,0,0
Cdh19,0,0,0,0,1,0,0,0
Aifm1,0,0,0,0,0,1,1,0
Mlf2,0,1,0,0,0,0,1,0
Cdh5,0,0,0,0,1,0,1,0
Hbb-bs,0,0,0,0,0,0,1,0
Mlx,0,1,0,0,0,0,1,0
Clic1,0,0,0,0,0,0,1,0
Cdk14,0,0,0,0,1,0,0,0
Cmah,0,0,0,0,0,0,1,0
Ccdc18,0,0,0,0,0,0,1,0
Gm10410,0,0,0,0,1,0,0,0
Mmaa,0,1,0,0,1,0,1,0
Cox7a2,0,0,0,0,1,1,1,0
Map2,0,0,0,0,0,0,1,0
Mmab,0,1,0,0,1,1,0,0
Cdkl3,0,0,0,0,1,0,0,0
Gm10591,0,0,0,0,1,0,0,0
Ndufs5,0,0,0,0,1,1,1,0
Gm8113,0,0,0,0,0,0,1,0
Mme,0,1,0,0,1,0,1,0
Cotl1,0,0,0,0,0,0,1,0
Cdkn1c,0,0,0,0,1,0,0,0
Tinag,0,0,0,0,0,1,1,0
Ctla2b,0,0,0,0,0,0,1,0
Mmgt1,0,1,0,0,1,0,1,0
Cdkn2c,0,0,0,0,1,0,0,0
Nol4l,0,0,0,0,1,0,1,0
Mmp14,0,1,0,0,0,0,0,0
Arntl,0,0,0,0,0,0,1,0
Cdnf,0,0,0,0,1,0,0,0
Mob2,0,1,0,0,0,0,0,0
Cdon,0,0,0,0,1,0,0,0
mt-Nd3,0,0,0,0,0,1,0,0
Pkm,0,1,0,0,1,1,1,0
Mpdu1,0,1,0,0,0,1,1,0
Cdr2,0,0,0,0,1,0,0,0
Cdk6,0,0,0,0,0,0,1,0
Cds1,0,0,0,0,1,1,1,0
Gm1818,0,0,0,0,1,0,1,0
Celf2,0,0,0,0,1,0,0,0
Cacna2d2,0,0,0,0,0,1,1,0
Gm13304,0,0,0,0,1,0,0,0
Mrpl10,0,1,0,0,1,0,1,0
Cep104,0,0,0,0,1,0,0,0
Fam186a,0,0,0,0,0,1,0,0
Prune2,0,0,0,0,1,0,1,0
Cep170,0,0,0,0,1,0,0,0
Phb,0,1,0,0,0,1,1,0
Icam2,0,0,0,0,0,0,1,0
Mrpl4,0,1,0,0,1,0,1,0
Cep192,0,0,0,0,1,0,0,0
Mrpl46,0,1,0,0,0,1,1,0
Cep68,0,0,0,0,1,0,0,0
Mrpl50,0,1,0,0,0,1,1,0
Cxcr6,0,0,0,0,0,0,1,0
Cers4,0,0,0,0,1,0,0,0
Ldha,0,0,0,0,0,1,1,0
Mrps11,0,1,0,0,0,0,1,0
Cers5,0,0,0,0,1,0,0,0
Mrps18a,0,1,0,0,0,0,1,0
Ceacam1,0,0,0,0,0,0,1,0
Cfd,0,0,0,0,1,0,0,0
Pdha1,0,1,0,0,1,1,1,0
Cyb561,0,0,0,0,0,0,1,0
Mrps22,0,0,0,0,0,1,1,0
Chchd4,0,0,0,0,1,0,1,0
Pdzd9,0,0,0,0,0,1,1,0
Speg,0,0,0,0,0,0,1,0
Gm1987,0,0,0,0,1,0,0,0
Msn,0,1,0,0,1,0,0,0
Gm12070,0,0,0,0,0,1,0,0
Msra,0,1,0,0,0,0,1,0
Msrb2,0,1,0,0,1,0,1,0
Ddx39,0,0,0,0,0,0,1,0
Chst1,0,0,0,0,1,0,0,0
Tmem254c,0,0,0,0,0,1,0,0
Ppp1r3a,0,0,0,0,0,0,1,0
Dgkd,0,0,0,0,1,0,0,0
Chst11,0,0,0,0,1,0,1,0
Chst15,0,0,0,0,1,0,0,0
Cib2,0,0,0,0,1,0,1,0
Pecr,0,0,0,0,0,1,1,0
Plin2,0,1,0,0,1,1,1,0
Cidec,0,0,0,0,1,0,0,0
Myo1c,0,1,0,0,1,0,0,0
Cirh1a,0,0,0,0,1,0,0,0
Gm12231,0,0,0,0,0,1,0,0
Itpr2,0,0,0,0,1,0,1,0
Nadk,0,1,0,0,0,0,0,0
Eno3,0,0,0,0,1,0,0,0
Ndufaf6,0,0,0,0,0,1,1,0
Ccdc162,0,0,0,0,0,0,1,0
Ckmt2,0,0,0,0,1,0,0,0
Smim24,0,0,0,0,0,0,1,0
Clasp1,0,0,0,0,1,0,0,0
Gm10177,0,0,0,0,0,1,0,0
Liph,0,0,0,0,0,0,1,0
Ndufa12,0,1,0,0,1,1,1,0
Clasp2,0,0,0,0,1,0,0,0
Clcn6,0,0,0,0,1,0,0,0
Pfn4,0,0,0,0,0,1,0,0
Tm6sf1,0,0,0,0,1,0,1,0
Ndufa4,0,1,0,0,1,1,1,0
Ets1,0,0,0,0,0,0,1,0
Cldn15,0,0,0,0,1,0,0,0
Olfr1396,0,0,0,0,0,1,0,0
Gm21541,0,0,0,0,1,0,0,0
Cldnd1,0,0,0,0,1,0,0,0
Ccdc92b,0,0,0,0,0,1,0,0
Fhl1,0,0,0,0,1,0,1,0
Clec16a,0,0,0,0,1,0,1,0
Camk2b,0,0,0,0,0,0,1,0
Tbc1d9,0,0,0,0,0,0,1,0
Clic4,0,0,0,0,1,0,0,0
Tnnc1,0,0,0,0,0,1,0,0
Clpb,0,0,0,0,1,0,1,0
Tlcd1,0,0,0,0,0,1,1,0
Clpp,0,0,0,0,1,0,1,0
Chchd2,0,0,0,0,0,1,0,0
Gm10643,0,0,0,0,1,0,1,0
Clstn1,0,0,0,0,1,0,0,0
Gm4691,0,0,0,0,0,1,0,0
Gm15920,0,0,0,0,0,1,0,0
Gm26712,0,0,0,0,0,0,1,0
Ndufs2,0,1,0,0,1,1,1,0
Galnt2,0,0,0,0,1,0,0,0
1810062G17Rik,0,0,0,0,0,1,0,0
Gm21975,0,0,0,0,0,0,1,0
Cmya5,0,0,0,0,1,0,0,0
Lrrc9,0,0,0,0,0,1,1,0
Cnih4,0,0,0,0,1,0,0,0
Sema4g,0,0,0,0,0,0,1,0
Cnnm2,0,0,0,0,1,0,0,0
Tectb,0,0,0,0,0,0,1,0
Cnst,0,0,0,0,1,1,1,0
Nsdhl,0,1,0,0,0,1,1,0
Sh3tc2,0,0,0,0,0,0,1,0
Cntnap1,0,0,0,0,1,1,1,0
Gm9797,0,0,0,0,0,1,1,0
Cox20,0,0,0,0,1,1,1,0
Fasn,0,0,0,0,1,1,1,0
Cog6,0,0,0,0,1,0,0,0
Pkn1,0,0,0,0,1,0,1,0
Hoga1,0,0,0,0,0,1,1,0
mt-Co2,0,0,0,0,0,1,1,0
Slc6a1,0,0,0,0,0,1,0,0
Necap2,0,1,0,0,1,0,0,0
Nfs1,0,1,0,0,0,0,0,0
Asf1b,0,0,0,0,0,0,1,0
Col4a1,0,0,0,0,1,0,0,0
Slc25a21,0,0,0,0,0,1,0,0
Col4a2,0,0,0,0,1,0,0,0
Usf2-ps1,0,0,0,0,0,0,1,0
Nsun4,0,1,0,0,0,0,1,0
Idh1,0,0,0,0,0,1,0,0
Nudt13,0,1,0,0,1,0,0,0
Cops8,0,0,0,0,1,0,0,0
Hist1h2be,0,0,0,0,1,1,1,0
Lrrc15,0,0,0,0,0,0,1,0
Nudt19,0,1,0,0,0,0,1,0
Copz2,0,0,0,0,1,0,0,0
Gsto1,0,0,0,0,0,1,1,0
Gm15459,0,0,0,0,0,0,1,0
Matn2,0,0,0,0,1,0,0,0
Cpm,0,0,0,0,0,0,1,0
Nudt8,0,1,0,0,0,0,0,0
Parm1,0,0,0,0,1,0,1,0
Oaz2,0,1,0,0,1,0,0,0
Samd14,0,0,0,0,0,0,1,0
Calr4,0,0,0,0,0,1,0,0
Gm7666,0,0,0,0,0,0,1,0
Coro2b,0,0,0,0,1,0,0,0
Gm1840,0,0,0,0,1,1,0,0
Coro6,0,0,0,0,1,0,1,0
Gm9780,0,0,0,0,0,0,1,0
Cox14,0,0,0,0,1,0,0,0
Rbm47,0,0,0,0,0,1,0,0
Oxnad1,0,1,0,0,1,0,1,0
Cox17,0,0,0,0,1,0,1,0
Ppp1r1a,0,0,0,0,1,1,1,0
Chd3,0,0,0,0,0,0,1,0
Cox19,0,0,0,0,1,0,1,0
Hspd1,0,0,0,0,0,1,1,0
Pdss1,0,0,0,0,1,1,1,0
Spata22,0,0,0,0,0,1,1,0
Heyl,0,0,0,0,0,0,1,0
Mrpl51,0,0,0,0,1,1,1,0
Gm13152,0,0,0,0,1,0,1,0
H2-Aa,0,0,0,0,1,0,0,0
Cox6a1,0,0,0,0,1,0,1,0
Kcna7,0,0,0,0,0,0,1,0
H2-Ab1,0,0,0,0,1,0,0,0
Cox6c,0,0,0,0,1,1,1,0
RP23-220F20.2,0,0,0,0,0,1,0,0
Cox11,0,0,0,0,0,1,1,0
Esrrb,0,0,0,0,0,0,1,0
H2-DMb1,0,0,0,0,0,0,1,0
9130230L23Rik,0,0,0,0,0,1,0,0
Rian,0,0,0,0,1,0,0,0
Ndufb10,0,0,0,0,1,1,1,0
Pcmtd1,0,1,0,0,0,0,0,0
Gm13341,0,0,0,0,0,1,0,0
Rarb,0,0,0,0,1,0,1,0
Tpbgl,0,0,0,0,0,0,1,0
Pde2a,0,1,0,0,1,0,1,0
Cpd,0,0,0,0,1,0,0,0
Lpin1,0,0,0,0,0,1,1,0
Timm8b,0,0,0,0,0,1,1,0
Cpe,0,0,0,0,1,0,0,0
Cpeb1,0,0,0,0,1,0,0,0
Celsr3,0,0,0,0,0,1,1,0
Lipa,0,0,0,0,0,0,1,0
Insig1,0,0,0,0,1,1,1,0
Pitpnc1,0,0,0,0,0,0,1,0
Nmnat1,0,0,0,0,1,1,1,0
43891,0,1,0,0,0,1,1,0
Pef1,0,1,0,0,0,0,0,0
mt-Nd6,0,0,0,0,0,1,1,0
Pex14,0,1,0,0,0,0,1,0
Crip1,0,0,0,0,1,0,0,0
Cd1d1,0,0,0,0,0,1,0,0
Mrpl42,0,0,0,0,1,1,1,0
Pex16,0,1,0,0,0,0,1,0
Crispld2,0,0,0,0,1,0,0,0
Ptms,0,0,0,0,0,1,1,0
Cry1,0,0,0,0,0,0,1,0
Alad,0,0,0,0,0,1,0,0
Crtap,0,0,0,0,1,0,0,0
Gnas,0,0,0,0,1,1,1,0
Pex5,0,1,0,0,0,0,0,0
Cryab,0,0,0,0,1,0,0,0
Ptges,0,0,0,0,0,1,0,0
Crybg3,0,0,0,0,1,0,0,0
Nudt15,0,0,0,0,0,0,1,0
Crlf1,0,0,0,0,0,1,0,0
Pfkp,0,1,0,0,1,0,1,0
Csde1,0,0,0,0,1,0,0,0
Neto2,0,0,0,0,0,0,1,0
Csnk1e,0,0,0,0,1,0,0,0
Cspg4,0,0,0,0,1,0,0,0
Adh7,0,0,0,0,0,0,1,0
Cst3,0,0,0,0,1,0,0,0
Pgls,0,1,0,0,0,0,1,0
Trps1,0,0,0,0,1,0,0,0
Ctbp1,0,0,0,0,1,0,0,0
Spag4,0,0,0,0,0,1,1,0
Synpo,0,0,0,0,0,0,1,0
Igfbp6,0,0,0,0,1,0,0,0
Tshr,0,0,0,0,1,0,0,0
Ctbp2,0,0,0,0,1,0,0,0
Paox,0,0,0,0,0,1,0,0
Wipf3,0,0,0,0,0,0,1,0
Ctdspl,0,0,0,0,1,0,0,0
Ctsb,0,0,0,0,1,0,0,0
Gm27029,0,0,0,0,0,1,0,0
Stard10,0,0,0,0,0,0,1,0
Sorbs3,0,0,0,0,0,0,1,0
Cuedc1,0,0,0,0,1,0,0,0
Stom,0,1,0,0,1,0,1,0
Pin1,0,1,0,0,0,0,0,0
Bik,0,0,0,0,0,0,1,0
Pbld2,0,0,0,0,0,0,1,0
Pla2g12a,0,1,0,0,1,0,0,0
Grid1,0,0,0,0,0,1,0,0
St6gal1,0,0,0,0,0,0,1,0
Pla2g15,0,1,0,0,0,0,0,0
Cygb,0,0,0,0,1,0,1,0
Htra1,0,0,0,0,1,0,0,0
Mrpl20,0,0,0,0,0,1,1,0
Plin3,0,1,0,0,1,0,1,0
Cyr61,0,0,0,0,1,0,0,0
Adh6-ps1,0,0,0,0,0,0,1,0
Cyth3,0,0,0,0,1,0,0,0
Timm10,0,0,0,0,0,1,1,0
Cyyr1,0,0,0,0,1,0,1,0
Mdh1,0,0,0,0,0,1,1,0
Fam134b,0,0,0,0,0,0,1,0
Plvap,0,1,0,0,0,0,0,0
D5Ertd579e,0,0,0,0,1,0,0,0
Neurl1a,0,0,0,0,0,0,1,0
D830030K20Rik,0,0,0,0,1,0,0,0
Tssk1,0,0,0,0,0,1,0,0
Nrarp,0,0,0,0,0,0,1,0
Poldip2,0,1,0,0,0,0,1,0
D8Ertd82e,0,0,0,0,1,0,0,0
Fhl3,0,0,0,0,0,1,0,0
Dach1,0,0,0,0,1,0,1,0
Acsl3,0,0,0,0,0,1,1,0
Polr1d,0,1,0,0,1,0,0,0
Dag1,0,0,0,0,1,0,0,0
2010107G23Rik,0,0,0,0,0,1,1,0
Gramd1c,0,0,0,0,0,0,1,0
Dagla,0,0,0,0,1,0,1,0
Gm5617,0,0,0,0,0,1,1,0
Fbxl2,0,0,0,0,0,0,1,0
Itih5,0,0,0,0,1,0,0,0
Dcaf4,0,0,0,0,1,0,1,0
Dctn3,0,0,0,0,1,0,0,0
Ndufc2,0,0,0,0,1,1,1,0
Dctn4,0,0,0,0,1,0,0,0
Pygl,0,1,0,0,0,1,1,0
Dctn5,0,0,0,0,1,0,0,0
Atox1,0,0,0,0,0,1,1,0
Dctn6,0,0,0,0,1,0,0,0
Dpysl4,0,0,0,0,0,1,0,0
Fzd6,0,0,0,0,0,0,1,0
Ppcs,0,1,0,0,0,0,1,0
Klf2,0,0,0,0,1,0,0,0
Dcun1d2,0,0,0,0,1,0,0,0
Klf6,0,0,0,0,1,0,0,0
Ppp2r1a,0,1,0,0,1,0,0,0
Ddr2,0,0,0,0,1,0,0,0
Tmem97,0,0,0,0,0,1,0,0
Ppp2r5b,0,1,0,0,1,0,1,0
Ddx59,0,0,0,0,1,0,0,0
Ndufb7,0,0,0,0,1,1,1,0
Lctl,0,0,0,0,1,0,1,0
Ppp4c,0,1,0,0,0,0,0,0
2310030G06Rik,0,0,0,0,0,0,1,0
Lep,0,0,0,0,1,0,0,0
Lcp2,0,0,0,0,0,0,1,0
Dennd5a,0,0,0,0,1,0,0,0
C130074G19Rik,0,0,0,0,0,1,0,0
Plppr4,0,0,0,0,0,0,1,0
LOC100041504,0,0,0,0,1,0,0,0
Prkab1,0,1,0,0,0,0,1,0
Fars2,0,0,0,0,1,1,1,0
Prkaca,0,1,0,0,1,0,1,0
Lgmn,0,0,0,0,0,0,1,0
Dusp5,0,0,0,0,0,0,1,0
Gm10273,0,0,0,0,0,0,1,0
Dgke,0,0,0,0,1,0,0,0
Rmnd1,0,0,0,0,0,1,1,0
Ptdss2,0,1,0,0,1,0,1,0
Dgkh,0,0,0,0,1,0,1,0
Sdhc,0,1,0,0,1,1,1,0
Murc,0,0,0,0,1,1,1,0
Hpx,0,0,0,0,0,1,0,0
Ptgr2,0,1,0,0,1,0,1,0
H1fx,0,0,0,0,0,1,0,0
Isyna1,0,0,0,0,0,0,1,0
Dip2a,0,0,0,0,1,0,1,0
Mrpl1,0,0,0,0,0,1,1,0
Mki67,0,0,0,0,0,0,1,0
Disp1,0,0,0,0,1,0,0,0
Mmp2,0,0,0,0,1,0,0,0
Dkc1,0,0,0,0,1,0,0,0
Hist1h1e,0,0,0,0,1,1,0,0
Ednrb,0,0,0,0,1,0,1,0
Rabac1,0,1,0,0,1,0,0,0
Dlc1,0,0,0,0,1,0,0,0
Tmem88,0,0,0,0,1,0,1,0
Rad23a,0,1,0,0,0,0,1,0
Aacs,0,0,0,0,0,1,0,0
Kctd12,0,0,0,0,1,0,1,0
Zfyve21,0,0,0,0,0,1,0,0
Mpp4,0,0,0,0,0,0,1,0
Dmrt2,0,0,0,0,1,0,0,0
Odf3l1,0,0,0,0,1,0,1,0
Ms4a6b,0,0,0,0,0,0,1,0
Dmtn,0,0,0,0,1,0,0,0
Gale,0,0,0,0,0,1,0,0
Rragd,0,0,0,0,1,0,1,0
Slc7a7,0,0,0,0,0,0,1,0
Dnajc15,0,0,0,0,1,1,1,0
Eng,0,0,0,0,1,0,1,0
Dnajc27,0,0,0,0,1,0,0,0
Ndufv3,0,0,0,0,1,1,1,0
Tnfrsf23,0,0,0,0,1,0,1,0
Dnajc4,0,0,0,0,1,0,1,0
Ndufs6,0,0,0,0,1,1,1,0
Dnajc7,0,0,0,0,1,0,0,0
Mrpl30,0,0,0,0,0,1,1,0
Prnd,0,0,0,0,0,0,1,0
Rgs3,0,1,0,0,0,0,0,0
Dnm1l,0,0,0,0,1,0,1,0
Rgs5,0,1,0,0,1,0,1,0
Dnm3,0,0,0,0,1,0,0,0
Naaa,0,0,0,0,1,0,0,0
Dock9,0,0,0,0,1,0,0,0
Timm23,0,0,0,0,1,1,1,0
Dolk,0,0,0,0,1,0,0,0
Gm11512,0,0,0,0,0,1,0,0
Emcn,0,0,0,0,1,0,1,0
Rhoc,0,1,0,0,1,0,0,0
Dot1l,0,0,0,0,1,0,1,0
Lhfp,0,0,0,0,0,0,1,0
Hspb1,0,0,0,0,1,0,1,0
Dpf3,0,0,0,0,1,0,1,0
Gm16363,0,0,0,0,0,0,1,0
Dpt,0,0,0,0,1,0,0,0
Nucb2,0,0,0,0,1,0,0,0
Dpysl2,0,0,0,0,1,0,0,0
Pgk1-rs7,0,0,0,0,0,0,1,0
Rnf114,0,1,0,0,0,0,0,0
Dram1,0,0,0,0,1,0,0,0
Rnf14,0,1,0,0,0,0,0,0
Dst,0,0,0,0,1,0,0,0
Dusp6,0,0,0,0,0,0,1,0
Rnf4,0,1,0,0,0,0,0,0
Dtnbp1,0,0,0,0,1,0,0,0
Rsrp1,0,1,0,0,0,0,0,0
Dubr,0,0,0,0,1,0,0,0
Rtfdc1,0,1,0,0,0,0,0,0
Myadm,0,0,0,0,1,0,0,0
Dus2,0,0,0,0,1,0,0,0
Hist1h2bq,0,0,0,0,0,1,0,0
Gm20390,0,0,0,0,0,0,1,0
Dusp10,0,0,0,0,1,0,0,0
Aldh5a1,0,0,0,0,0,1,0,0
Kctd1,0,0,0,0,1,0,1,0
Bcl2l10,0,0,0,0,0,1,0,0
Sc5d,0,1,0,0,0,0,0,0
Dusp3,0,0,0,0,1,0,1,0
Fam213b,0,0,0,0,0,1,0,0
Prss8,0,0,0,0,0,0,1,0
Scd1,0,1,0,0,1,0,1,0
Ghitm,0,0,0,0,1,1,1,0
Dusp7,0,0,0,0,1,0,0,0
Ptger3,0,0,0,0,1,1,0,0
Dvl3,0,0,0,0,1,0,1,0
Gm11808,0,0,0,0,0,1,1,0
Sdhaf3,0,1,0,0,0,0,1,0
Dysf,0,0,0,0,1,0,1,0
Htr2b,0,0,0,0,0,0,1,0
E030011O05Rik,0,0,0,0,1,0,0,0
Krt36,0,0,0,0,0,1,1,0
E2f6,0,0,0,0,1,0,0,0
Ndrg1,0,0,0,0,1,0,0,0
Ebf1,0,0,0,0,1,0,0,0
Dbil5,0,0,0,0,0,1,0,0
1700067K01Rik,0,0,0,0,0,0,1,0
Ebf2,0,0,0,0,1,0,0,0
Saa4,0,0,0,0,0,1,0,0
Slc29a1,0,0,0,0,0,0,1,0
Postn,0,0,0,0,1,0,1,0
Sec61a1,0,1,0,0,0,0,0,0
Nid1,0,0,0,0,1,0,0,0
Ebf3,0,0,0,0,1,0,0,0
Rangrf,0,0,0,0,0,1,0,0
Praf2,0,0,0,0,1,0,0,0
Serhl,0,1,0,0,0,0,1,0
Ech1,0,0,0,0,1,1,1,0
Csrp2,0,0,0,0,0,0,1,0
Hibch,0,0,0,0,1,1,1,0
Sgpl1,0,1,0,0,1,0,0,0
Sgta,0,1,0,0,1,0,1,0
Prlr,0,0,0,0,0,1,0,0
Kcnj8,0,0,0,0,1,0,1,0
Ecm2,0,0,0,0,1,0,0,0
Ppp1r3d,0,0,0,0,1,1,1,0
Tmc6,0,0,0,0,0,0,1,0
Sigmar1,0,1,0,0,0,0,0,0
Pank3,0,0,0,0,1,0,0,0
Eda,0,0,0,0,1,1,0,0
Dcaf6,0,0,0,0,0,1,1,0
Plk3,0,0,0,0,0,0,1,0
Gm4149,0,0,0,0,0,0,1,0
Eef2kmt,0,0,0,0,1,0,1,0
Abhd16b,0,0,0,0,0,1,0,0
Slc22a5,0,1,0,0,0,0,1,0
Pecam1,0,0,0,0,1,0,1,0
Efnb2,0,0,0,0,1,0,0,0
Azgp1,0,0,0,0,0,0,1,0
Isca2,0,0,0,0,1,1,1,0
Rapgef4,0,0,0,0,0,0,1,0
Slc25a10,0,1,0,0,0,1,0,0
Egr1,0,0,0,0,1,0,1,0
Ehbp1l1,0,0,0,0,1,0,0,0
Pnpla8,0,0,0,0,0,1,1,0
Slc25a19,0,1,0,0,1,1,1,0
Mlxipl,0,0,0,0,0,1,1,0
Eid2,0,0,0,0,1,0,0,0
Nlgn1,0,0,0,0,0,1,0,0
Pctp,0,0,0,0,0,0,1,0
Eif3l,0,0,0,0,1,0,1,0
Gm20498,0,0,0,0,0,1,1,0
Hist1h4m,0,0,0,0,0,0,1,0
Eif4e3,0,0,0,0,1,0,1,0
Gm10123,0,0,0,0,0,0,1,0
Eif4ebp1,0,0,0,0,1,0,0,0
Spaca1,0,0,0,0,0,1,0,0
Prex2,0,0,0,0,1,0,1,0
Slc25a35,0,1,0,0,1,1,1,0
Elk3,0,0,0,0,1,0,0,0
Mfsd3,0,0,0,0,0,1,0,0
Elmo2,0,0,0,0,1,0,0,0
Elmod3,0,0,0,0,1,0,0,0
Gm3470,0,0,0,0,0,1,0,0
Rab37,0,0,0,0,0,0,1,0
Nrg3,0,0,0,0,0,1,0,0
Elp5,0,0,0,0,1,0,0,0
Shroom4,0,0,0,0,1,0,1,0
St8sia4,0,0,0,0,1,0,1,0
Emc2,0,0,0,0,1,0,0,0
Gm9429,0,0,0,0,0,0,1,0
Tlr1,0,0,0,0,0,0,1,0
Emd,0,0,0,0,1,0,0,0
Kit,0,0,0,0,0,0,1,0
Eml1,0,0,0,0,1,0,0,0
Wdr93,0,0,0,0,0,1,0,0
Slc35a4,0,1,0,0,1,0,1,0
Pomt1,0,0,0,0,1,1,0,0
Sar1b,0,0,0,0,0,0,1,0
Emp3,0,0,0,0,1,0,1,0
Cmbl,0,0,0,0,0,1,0,0
Enah,0,0,0,0,1,0,0,0
Pde3a,0,0,0,0,1,0,1,0
Enc1,0,0,0,0,1,0,1,0
Adap1,0,0,0,0,0,1,1,0
Sod3,0,1,0,0,1,1,1,0
Frem1,0,0,0,0,0,1,0,0
Sorbs1,0,1,0,0,1,0,0,0
Npffr1,0,0,0,0,0,1,1,0
Eogt,0,0,0,0,1,0,0,0
Rab3a,0,0,0,0,1,1,0,0
Stat5a,0,1,0,0,1,0,0,0
Rhob,0,0,0,0,1,1,0,0
Nrtn,0,0,0,0,0,0,1,0
Epb41l1,0,0,0,0,1,0,0,0
mt-Nd5,0,0,0,0,0,1,0,0
Phf19,0,0,0,0,0,0,1,0
Tefm,0,0,0,0,0,1,1,0
Epb41l4a,0,0,0,0,1,0,1,0
Tmem147,0,0,0,0,1,1,1,0
Eral1,0,0,0,0,1,0,1,0
Naa38,0,0,0,0,0,1,1,0
S1pr1,0,0,0,0,1,0,1,0
Erg,0,0,0,0,1,0,1,0
Ldlr,0,0,0,0,0,1,0,0
Pde8a,0,0,0,0,0,0,1,0
Eri3,0,0,0,0,1,0,0,0
Ptprd,0,0,0,0,0,1,0,0
Erich1,0,0,0,0,1,0,0,0
Mrpl53,0,0,0,0,0,1,1,0
Tmem25,0,0,0,0,0,0,1,0
Esam,0,0,0,0,1,0,1,0
Gabbr2,0,0,0,0,0,1,0,0
Taldo1,0,1,0,0,1,0,1,0
Gmnn,0,0,0,0,1,0,1,0
Tapbp,0,1,0,0,0,0,0,0
Esyt1,0,0,0,0,1,0,0,0
Mrps7,0,0,0,0,0,1,1,0
Tbc1d20,0,1,0,0,1,0,1,0
Esyt2,0,0,0,0,1,0,0,0
mt-Co1,0,0,0,0,0,0,1,0
Aplp1,0,0,0,0,0,0,1,0
Tecr,0,1,0,0,1,0,1,0
Etl4,0,0,0,0,1,0,1,0
Syngr1,0,0,0,0,0,0,1,0
Ets2,0,0,0,0,1,0,0,0
Exoc3,0,0,0,0,1,0,1,0
Eya1,0,0,0,0,1,0,0,0
Dclk3,0,0,0,0,0,1,0,0
Tgfbr2,0,1,0,0,1,0,1,0
Ezh1,0,0,0,0,1,0,0,0
Ak2,0,0,0,0,0,1,0,0
Tgm2,0,1,0,0,0,0,0,0
Gm8055,0,0,0,0,1,0,1,0
Tgoln1,0,1,0,0,0,0,1,0
F3,0,0,0,0,1,0,1,0
Disp2,0,0,0,0,0,1,0,0
Tinagl1,0,0,0,0,1,0,1,0
Tgoln2,0,1,0,0,0,0,0,0
Gypc,0,0,0,0,1,1,1,0
Znf41-ps,0,0,0,0,0,0,1,0
Gm11410,0,0,0,0,0,1,0,0
Timm13,0,1,0,0,0,1,1,0
Fads3,0,0,0,0,1,0,0,0
Cdc34,0,0,0,0,0,1,1,0
Iqch,0,0,0,0,0,0,1,0
Fam101b,0,0,0,0,1,0,0,0
Cdo1,0,0,0,0,0,1,0,0
Fam102b,0,0,0,0,1,0,0,0
Fam129a,0,0,0,0,1,0,1,0
Timp2,0,1,0,0,1,0,0,0
Fam83g,0,0,0,0,0,0,1,0
Tm7sf2,0,1,0,0,0,0,1,0
Fam160b2,0,0,0,0,1,0,0,0
Tmed2,0,1,0,0,0,0,0,0
Fam171a1,0,0,0,0,1,0,0,0
Arhgef33,0,0,0,0,0,0,1,0
Fam177a,0,0,0,0,1,0,1,0
Tmem106b,0,1,0,0,0,0,1,0
Cabyr,0,0,0,0,0,1,0,0
Tmem120a,0,1,0,0,0,0,0,0
Fam189a2,0,0,0,0,1,0,1,0
Smdt1,0,0,0,0,0,1,1,0
Fam198b,0,0,0,0,1,0,0,0
Tpi1,0,1,0,0,0,1,1,0
Gm10233,0,0,0,0,0,0,1,0
Fam204a,0,0,0,0,1,0,0,0
Ralgapa2,0,0,0,0,0,1,0,0
Atp2a3,0,0,0,0,0,0,1,0
Tmem242,0,1,0,0,1,0,1,0
Fam206a,0,0,0,0,1,0,1,0
Fam20b,0,0,0,0,1,0,0,0
Ccl27a,0,0,0,0,0,1,1,0
Usp2,0,0,0,0,0,1,0,0
Tmem70,0,1,0,0,1,1,1,0
Fam213a,0,0,0,0,1,0,0,0
Atp5c1,0,0,0,0,0,1,1,0
Uba52,0,0,0,0,0,0,1,0
Fam216a,0,0,0,0,1,0,0,0
Fam217b,0,0,0,0,1,0,1,0
Tnfrsf12a,0,1,0,0,0,0,0,0
Fam234a,0,0,0,0,1,0,1,0
Zfp708,0,0,0,0,0,0,1,0
Tns1,0,1,0,0,1,0,0,0
Fam49a,0,0,0,0,1,0,0,0
Fam53b,0,0,0,0,1,0,0,0
Tpte,0,0,0,0,0,1,1,0
Scn5a,0,0,0,0,0,0,1,0
Trak1,0,1,0,0,0,0,1,0
Fam58b,0,0,0,0,1,0,0,0
Txnrd2,0,1,0,0,1,1,1,0
Rnls,0,0,0,0,0,1,1,0
Fam63b,0,0,0,0,1,0,1,0
Mrps18b,0,0,0,0,0,1,1,0
Ica1,0,0,0,0,0,0,1,0
Tspyl1,0,1,0,0,1,0,0,0
Fam65a,0,0,0,0,1,0,0,0
Shroom1,0,0,0,0,0,1,1,0
Fam69a,0,0,0,0,1,0,0,0
Far1,0,0,0,0,1,0,0,0
Myom3,0,0,0,0,0,1,0,0
Tbkbp1,0,0,0,0,0,0,1,0
Nudt17,0,0,0,0,0,0,1,0
Tufm,0,1,0,0,0,0,1,0
Tomt,0,0,0,0,0,1,0,0
Txnip,0,1,0,0,1,0,0,0
Fat4,0,0,0,0,1,0,0,0
Hydin,0,0,0,0,0,1,0,0
Trp53i11,0,0,0,0,1,0,1,0
Fbln2,0,0,0,0,1,0,0,0
Cd109,0,0,0,0,0,0,1,0
Memo1,0,0,0,0,0,1,1,0
Fbxo11,0,0,0,0,1,0,0,0
Ube2m,0,1,0,0,1,0,1,0
Fbxo18,0,0,0,0,1,0,0,0
Gm9790,0,0,0,0,0,1,1,0
Ubr7,0,1,0,0,0,0,0,0
Fbxo25,0,0,0,0,1,0,0,0
Peg12,0,0,0,0,0,1,0,0
Uck1,0,1,0,0,1,0,1,0
Fbxo28,0,0,0,0,1,0,0,0
Bckdhb,0,0,0,0,0,1,1,0
Ninj1,0,0,0,0,0,0,1,0
Fbxo32,0,0,0,0,1,0,0,0
Fbxo44,0,0,0,0,1,0,1,0
Stap2,0,0,0,0,0,0,1,0
Uqcc1,0,1,0,0,1,0,1,0
Fbxw5,0,0,0,0,1,0,1,0
Tgfa,0,0,0,0,0,0,1,0
Fcor,0,0,0,0,1,0,0,0
Pde7b,0,0,0,0,1,0,1,0
Fam19a1,0,0,0,0,0,1,0,0
Fgf14,0,0,0,0,1,0,0,0
Uqcr11,0,1,0,0,1,0,1,0
Filip1,0,0,0,0,1,0,0,0
Cd320,0,0,0,0,0,1,0,0
Fitm2,0,0,0,0,1,0,0,0
Fkbp3,0,0,0,0,1,0,1,0
Pop5,0,0,0,0,0,1,1,0
Fkbp7,0,0,0,0,1,0,0,0
Fktn,0,0,0,0,1,0,1,0
Cfap221,0,0,0,0,0,1,0,0
Vegfa,0,1,0,0,1,0,0,0
Fli1,0,0,0,0,1,0,1,0
Mlip,0,0,0,0,1,1,0,0
Dusp1,0,0,0,0,0,0,1,0
Flii,0,0,0,0,1,0,0,0
Pwwp2b,0,0,0,0,0,1,1,0
Ntn4,0,0,0,0,0,0,1,0
Flot2,0,0,0,0,1,0,0,0
Tsku,0,0,0,0,0,0,1,0
Wars,0,1,0,0,1,0,0,0
Flt1,0,0,0,0,1,0,1,0
Gpr160,0,0,0,0,1,0,1,0
Yif1b,0,1,0,0,1,0,1,0
Fmnl3,0,0,0,0,1,0,1,0
Poc1a,0,0,0,0,0,0,1,0
Ykt6,0,1,0,0,0,0,0,0
Fnbp1,0,0,0,0,1,0,0,0
Ywhag,0,1,0,0,1,0,0,0
Fndc1,0,0,0,0,1,0,0,0
Fdx1,0,0,0,0,0,1,0,0
Zfp106,0,1,0,0,1,0,1,0
Fnta,0,0,0,0,1,0,0,0
Pcdh17,0,0,0,0,0,0,1,0
Fopnl,0,0,0,0,1,0,0,0
Zwint,0,1,0,0,0,0,0,0
Fos,0,0,0,0,1,0,0,0
Lias,0,0,0,0,1,1,0,0
Fosb,0,0,0,0,1,0,0,0
Sfxn1,0,0,0,0,0,1,0,0
Foxn2,0,0,0,0,1,0,0,0
Tmem41a,0,0,0,0,0,1,1,0
Ror2,0,0,0,0,0,0,1,0
Fry,0,0,0,0,1,0,0,0
Xpnpep2,0,0,0,0,0,0,1,0
Fsd2,0,0,0,0,1,0,0,0
Emc6,0,0,0,0,0,1,0,0
Gm7293,0,0,0,0,0,1,0,0
Dhcr24,0,0,0,0,0,0,1,0
Fundc1,0,0,0,0,1,0,0,0
Fundc2,0,0,0,0,1,0,0,0
Rom1,0,0,0,0,0,0,1,0
Fut8,0,0,0,0,1,0,1,0
Fv1,0,0,0,0,1,0,0,0
Tmem135,0,0,0,0,1,1,1,0
Gcnt2,0,0,0,0,0,0,1,0
G6pc3,0,0,0,0,1,0,0,0
Gab2,0,0,0,0,1,0,0,0
Pex7,0,0,0,0,0,1,1,0
AI854703,0,0,0,0,0,0,1,0
Gabbr1,0,0,0,0,1,0,0,0
mt-Atp8,0,0,0,0,0,1,1,0
E130012A19Rik,0,0,0,0,0,0,1,0
Gadd45b,0,0,0,0,1,0,0,0
Gm14439,0,0,0,0,0,0,1,0
Galc,0,0,0,0,1,0,1,0
Hsd17b4,0,0,0,0,0,1,1,0
Galnt15,0,0,0,0,1,0,1,0
Galnt18,0,0,0,0,1,0,1,0
Ndufa13,0,0,0,0,1,1,1,0
Mrps35,0,0,0,0,1,1,1,0
Ganc,0,0,0,0,1,0,0,0
Mrps28,0,0,0,0,0,1,0,0
Lrrc8c,0,0,0,0,1,0,1,0
4930415O20Rik,0,0,0,0,0,0,1,0
Gm13423,0,0,0,0,0,1,0,0
L3hypdh,0,0,0,0,0,1,1,0
Rab44,0,0,0,0,0,0,1,0
Adamtsl5,0,0,0,0,0,0,1,0
Cat,0,0,0,0,0,1,0,0
Gm14017,0,0,0,0,0,0,1,0
Cerk,0,0,0,0,0,0,1,0
Sh3bgr,0,0,0,0,0,1,1,0
Gars,0,0,0,0,1,0,1,0
B930094E09Rik,0,0,0,0,0,1,0,0
Gatad2b,0,0,0,0,1,0,0,0
Hopx,0,0,0,0,0,0,1,0
Ahr,0,0,0,0,0,0,1,0
Gatc,0,0,0,0,1,0,0,0
Plpp7,0,0,0,0,0,0,1,0
Gbas,0,0,0,0,1,0,1,0
Mgmt,0,0,0,0,0,1,0,0
BC025920,0,0,0,0,0,0,1,0
Dnmt3l,0,0,0,0,0,1,0,0
Gbp2,0,0,0,0,1,0,0,0
Msrb1,0,0,0,0,0,1,0,0
Gbp4,0,0,0,0,1,0,0,0
Gm43841,0,0,0,0,0,1,0,0
Gm17971,0,0,0,0,0,0,1,0
Gbp9,0,0,0,0,1,0,0,0
Rnf11,0,0,0,0,0,1,0,0
Gfod1,0,0,0,0,1,0,0,0
Psph,0,0,0,0,1,1,1,0
Ptcd2,0,0,0,0,1,0,1,0
Gfpt2,0,0,0,0,1,0,0,0
Gga2,0,0,0,0,1,0,0,0
Cox16,0,0,0,0,0,1,0,0
Gid4,0,0,0,0,1,0,1,0
Klb,0,0,0,0,0,1,1,0
Ginm1,0,0,0,0,1,0,1,0
Git1,0,0,0,0,1,0,0,0
Gk5,0,0,0,0,1,0,0,0
Gldn,0,0,0,0,1,0,0,0
Gls,0,0,0,0,1,0,0,0
Mrpl27,0,0,0,0,0,1,0,0
Gltp,0,0,0,0,1,0,0,0
Deb1,0,0,0,0,0,1,0,0
mt-Atp6,0,0,0,0,0,1,0,0
Fscn1,0,0,0,0,0,0,1,0
Ascl1,0,0,0,0,0,1,0,0
Pcolce,0,0,0,0,1,0,1,0
Gm10110,0,0,0,0,1,0,0,0
Tlr11,0,0,0,0,0,0,1,0
Gm10115,0,0,0,0,1,0,0,0
Tmem110,0,0,0,0,1,1,1,0
Gm10291,0,0,0,0,1,0,0,0
Atp5g3,0,0,0,0,0,1,0,0
Arhgap15,0,0,0,0,0,0,1,0
Gm12184,0,0,0,0,0,0,1,0
Gm10313,0,0,0,0,1,0,0,0
Ndufa2,0,0,0,0,0,1,0,0
Gm10340,0,0,0,0,1,0,0,0
Ranbp3l,0,0,0,0,0,1,0,0
Ephx1,0,0,0,0,0,0,1,0
Gm10358,0,0,0,0,1,0,0,0
Gsn,0,0,0,0,1,0,0,0
Gm10392,0,0,0,0,0,0,1,0
Kcp,0,0,0,0,0,0,1,0
Gm10406,0,0,0,0,1,0,0,0
Slc18a2,0,0,0,0,0,0,1,0
Gm10409,0,0,0,0,1,0,0,0
Sh3kbp1,0,0,0,0,1,0,1,0
Sox12,0,0,0,0,0,0,1,0
Lmcd1,0,0,0,0,1,0,1,0
Gm10481,0,0,0,0,1,0,0,0
Rps6kl1,0,0,0,0,0,0,1,0
Mcts2,0,0,0,0,0,0,1,0
Wdr73,0,0,0,0,0,0,1,0
Nos2,0,0,0,0,0,0,1,0
Npr1,0,0,0,0,0,0,1,0
Gm10851,0,0,0,0,1,0,0,0
Osbpl6,0,0,0,0,1,0,1,0
Gm10855,0,0,0,0,1,0,0,0
Snrnp25,0,0,0,0,0,0,1,0
Gm10865,0,0,0,0,1,0,0,0
Gm12002,0,0,0,0,1,0,0,0
Gm12264,0,0,0,0,1,0,0,0
Gm12715,0,0,0,0,1,0,0,0
Gm13034,0,0,0,0,1,0,0,0
Tmem74b,0,0,0,0,0,0,1,0
Gm13145,0,0,0,0,1,0,0,0
Gm12286,0,0,0,0,0,0,1,0
Igf2,0,0,0,0,0,0,1,0
Gm13157,0,0,0,0,1,0,0,0
Psmc4,0,0,0,0,0,0,1,0
Itga3,0,0,0,0,0,0,1,0
Osr2,0,0,0,0,0,0,1,0
Gch1,0,0,0,0,0,0,1,0
Gm13363,0,0,0,0,1,0,0,0
Clip3,0,0,0,0,0,0,1,0
Slc7a10,0,0,0,0,1,0,0,0
Gm14209,0,0,0,0,1,0,0,0
Gm14322,0,0,0,0,1,0,0,0
Fbxl16,0,0,0,0,0,0,1,0
Gm14418,0,0,0,0,1,0,0,0
Gm15050,0,0,0,0,1,0,0,0
Phb2,0,0,0,0,0,0,1,0
Gm15441,0,0,0,0,1,0,0,0
Gm15471,0,0,0,0,1,0,0,0
Cyth1,0,0,0,0,0,0,1,0
Gm15551,0,0,0,0,1,0,0,0
Gm16168,0,0,0,0,1,0,0,0
Gm16323,0,0,0,0,1,0,0,0
Mfap5,0,0,0,0,1,0,0,0
Uxt,0,0,0,0,0,0,1,0
Gm17034,0,0,0,0,1,0,0,0
Mtor,0,0,0,0,1,0,1,0
Gm17224,0,0,0,0,1,0,0,0
Gm17757,0,0,0,0,1,0,0,0
Hyal1,0,0,0,0,0,0,1,0
Oxa1l,0,0,0,0,1,0,1,0
Gm18853,0,0,0,0,1,0,0,0
Gm19522,0,0,0,0,1,0,0,0
Lama2,0,0,0,0,1,0,0,0
Gm19691,0,0,0,0,1,0,0,0
Tbc1d8,0,0,0,0,0,0,1,0
Tnxb,0,0,0,0,1,0,0,0
Gm20091,0,0,0,0,1,0,0,0
Gm20257,0,0,0,0,1,0,0,0
Timm17a,0,0,0,0,1,0,1,0
Gm20536,0,0,0,0,1,0,0,0
Gm2058,0,0,0,0,1,0,0,0
Ttk,0,0,0,0,0,0,1,0
Kcnc2,0,0,0,0,0,0,1,0
Gm21464,0,0,0,0,1,0,0,0
Gm13301,0,0,0,0,0,0,1,0
Hccs,0,0,0,0,1,0,1,0
Rps2-ps11,0,0,0,0,0,0,1,0
Serpina1a,0,0,0,0,0,0,1,0
Dnajc11,0,0,0,0,0,0,1,0
Gm22042,0,0,0,0,1,0,0,0
Tmem126a,0,0,0,0,0,0,1,0
Gm22188,0,0,0,0,1,0,0,0
Tekt2,0,0,0,0,0,0,1,0
Gm22362,0,0,0,0,1,0,0,0
Flt4,0,0,0,0,0,0,1,0
Gm22614,0,0,0,0,1,0,0,0
Tymp,0,0,0,0,0,0,1,0
Ackr4,0,0,0,0,0,0,1,0
Gm22801,0,0,0,0,1,0,0,0
Gm23181,0,0,0,0,1,0,0,0
Gm23374,0,0,0,0,1,0,0,0
Klhl4,0,0,0,0,0,0,1,0
Gm23375,0,0,0,0,1,0,0,0
Gm23456,0,0,0,0,1,0,0,0
Gm23569,0,0,0,0,1,0,0,0
Zfp691,0,0,0,0,1,0,1,0
Gm23792,0,0,0,0,1,0,0,0
Tmem43,0,0,0,0,1,0,0,0
Gipc1,0,0,0,0,0,0,1,0
Gm23800,0,0,0,0,1,0,0,0
Gm23812,0,0,0,0,1,0,0,0
Mical2,0,0,0,0,0,0,1,0
Cpne5,0,0,0,0,0,0,1,0
Gm2399,0,0,0,0,1,0,0,0
Gm24041,0,0,0,0,1,0,0,0
Trmt2b,0,0,0,0,0,0,1,0
Gm24157,0,0,0,0,1,0,0,0
Eef1akmt1,0,0,0,0,0,0,1,0
Gm2423,0,0,0,0,1,0,0,0
Gsta4,0,0,0,0,1,0,1,0
Gm24313,0,0,0,0,1,0,0,0
Gm2436,0,0,0,0,1,0,0,0
Ndufb11,0,0,0,0,0,0,1,0
Gm24449,0,0,0,0,1,0,0,0
Qrsl1,0,0,0,0,1,0,1,0
Gm2446,0,0,0,0,1,0,0,0
Cxcl14,0,0,0,0,0,0,1,0
Gm24564,0,0,0,0,1,0,0,0
Gm2506,0,0,0,0,1,0,0,0
Atat1,0,0,0,0,0,0,1,0
Gm25107,0,0,0,0,1,0,0,0
Gm25241,0,0,0,0,1,0,0,0
Ntrk2,0,0,0,0,1,0,0,0
Gm25274,0,0,0,0,1,0,0,0
Gm25519,0,0,0,0,1,0,0,0
Lyrm7,0,0,0,0,1,0,1,0
Gm25559,0,0,0,0,1,0,0,0
Mrpl47,0,0,0,0,1,0,1,0
Gm25617,0,0,0,0,1,0,0,0
Tmem266,0,0,0,0,0,0,1,0
Gm2574,0,0,0,0,1,0,0,0
Gm25890,0,0,0,0,1,0,0,0
Ccnd1,0,0,0,0,0,0,1,0
Orm1,0,0,0,0,0,0,1,0
Gm25926,0,0,0,0,1,0,0,0
Esrra,0,0,0,0,0,0,1,0
Gm26110,0,0,0,0,1,0,0,0
Nfyc,0,0,0,0,1,0,1,0
Gm26236,0,0,0,0,1,0,0,0
Gm26671,0,0,0,0,1,0,0,0
Gm26830,0,0,0,0,1,0,0,0
Gm26881,0,0,0,0,1,0,0,0
Slit3,0,0,0,0,1,0,0,0
Acot8,0,0,0,0,0,0,1,0
Gm27177,0,0,0,0,1,0,0,0
Hist1h3i,0,0,0,0,0,0,1,0
Cnn3,0,0,0,0,0,0,1,0
Gm2956,0,0,0,0,1,0,0,0
Gm3020,0,0,0,0,1,0,0,0
Svep1,0,0,0,0,1,0,0,0
Rwdd3,0,0,0,0,0,0,1,0
Gm31464,0,0,0,0,1,0,0,0
Ssfa2,0,0,0,0,1,0,1,0
Gm31467,0,0,0,0,1,0,0,0
Gm3194,0,0,0,0,1,0,0,0
I830077J02Rik,0,0,0,0,0,0,1,0
Gm3200,0,0,0,0,1,0,0,0
Pltp,0,0,0,0,1,0,1,0
Gm3222,0,0,0,0,1,0,0,0
Gm5776,0,0,0,0,0,0,1,0
Gm3264,0,0,0,0,1,0,0,0
Mrpl3,0,0,0,0,1,0,1,0
Gm3272,0,0,0,0,1,0,0,0
Gm32819,0,0,0,0,1,0,0,0
1110008F13Rik,0,0,0,0,0,0,1,0
Gm3317,0,0,0,0,1,0,0,0
Gm3373,0,0,0,0,1,0,0,0
Sypl2,0,0,0,0,0,0,1,0
Gm3383,0,0,0,0,1,0,0,0
Gm3488,0,0,0,0,1,0,0,0
Gm3500,0,0,0,0,1,0,0,0
Gm28035,0,0,0,0,0,0,1,0
Sncg,0,0,0,0,1,0,0,0
Avpi1,0,0,0,0,0,0,1,0
Gm35595,0,0,0,0,1,0,0,0
Gm14584,0,0,0,0,0,0,1,0
Gm3696,0,0,0,0,1,0,0,0
Gm3839,0,0,0,0,1,0,0,0
Gm38495,0,0,0,0,1,0,0,0
Itpr1,0,0,0,0,0,0,1,0
Gm38501,0,0,0,0,1,0,0,0
Gm39547,0,0,0,0,1,0,0,0
Lrrc20,0,0,0,0,0,0,1,0
Gm39725,0,0,0,0,1,0,0,0
Ccdc138,0,0,0,0,0,0,1,0
Cxcl12,0,0,0,0,0,0,1,0
Gm39890,0,0,0,0,1,0,0,0
Gm39969,0,0,0,0,1,0,0,0
Gm40346,0,0,0,0,1,0,0,0
Gm40360,0,0,0,0,1,0,0,0
Stard5,0,0,0,0,0,0,1,0
Gm4070,0,0,0,0,1,0,0,0
4921536K21Rik,0,0,0,0,0,0,1,0
Gm40733,0,0,0,0,1,0,0,0
Gm40735,0,0,0,0,1,0,0,0
Cytip,0,0,0,0,0,0,1,0
Gm41656,0,0,0,0,1,0,0,0
Armc1,0,0,0,0,0,0,1,0
Gm4609,0,0,0,0,1,0,0,0
Ucp2,0,0,0,0,0,0,1,0
Gm4795,0,0,0,0,1,0,0,0
Gm4943,0,0,0,0,1,0,0,0
Mthfd2,0,0,0,0,0,0,1,0
Gm5138,0,0,0,0,1,0,0,0
Gm5327,0,0,0,0,1,0,0,0
Gm5436,0,0,0,0,1,0,0,0
Gm5507,0,0,0,0,1,0,0,0
Hook1,0,0,0,0,0,0,1,0
Gm5620,0,0,0,0,1,0,0,0
Gm5796,0,0,0,0,1,0,0,0
Gm5802,0,0,0,0,1,0,0,0
Gm5866,0,0,0,0,1,0,0,0
Gm5900,0,0,0,0,1,0,0,0
Ephb2,0,0,0,0,0,0,1,0
Gm6055,0,0,0,0,1,0,0,0
Gm6169,0,0,0,0,1,0,0,0
Gm6277,0,0,0,0,1,0,0,0
Clec1a,0,0,0,0,0,0,1,0
Igf2bp3,0,0,0,0,0,0,1,0
Gm6415,0,0,0,0,1,0,0,0
Dnajc19,0,0,0,0,0,0,1,0
Eci2,0,0,0,0,0,0,1,0
Gm6644,0,0,0,0,1,0,0,0
Gm6669,0,0,0,0,1,0,0,0
Podxl,0,0,0,0,1,0,1,0
Gm6736,0,0,0,0,1,0,0,0
Cdk17,0,0,0,0,0,0,1,0
Gm684,0,0,0,0,1,0,1,0
Guf1,0,0,0,0,1,0,1,0
Gm7251,0,0,0,0,1,0,0,0
Gm7265,0,0,0,0,1,0,0,0
Gm7334,0,0,0,0,1,0,1,0
Acy3,0,0,0,0,0,0,1,0
Gm7809,0,0,0,0,1,0,0,0
Magix,0,0,0,0,0,0,1,0
Gm8069,0,0,0,0,1,0,0,0
Gm8281,0,0,0,0,1,0,0,0
Cdh9,0,0,0,0,0,0,1,0
Gm8399,0,0,0,0,1,0,0,0
Shb,0,0,0,0,0,0,1,0
Gm9755,0,0,0,0,1,0,0,0
Dact2,0,0,0,0,0,0,1,0
Uba3,0,0,0,0,1,0,1,0
Vcam1,0,0,0,0,0,0,1,0
Gmps,0,0,0,0,1,0,1,0
Ttll7,0,0,0,0,0,0,1,0
Gnai1,0,0,0,0,1,0,0,0
Atp1a3,0,0,0,0,0,0,1,0
Atg4d,0,0,0,0,0,0,1,0
Gm11992,0,0,0,0,0,0,1,0
Gnb1,0,0,0,0,1,0,0,0
Wnt11,0,0,0,0,0,0,1,0
Gnb5,0,0,0,0,1,0,0,0
Gng12,0,0,0,0,1,0,1,0
Gnpat,0,0,0,0,1,0,1,0
Gnptab,0,0,0,0,1,0,0,0
Grb7,0,0,0,0,0,0,1,0
Golph3l,0,0,0,0,1,0,0,0
Golt1b,0,0,0,0,1,0,0,0
Slc26a6,0,0,0,0,0,0,1,0
Vat1l,0,0,0,0,1,0,0,0
Gpc3,0,0,0,0,1,0,0,0
Npr3,0,0,0,0,1,0,0,0
Gm10638,0,0,0,0,0,0,1,0
Mrpl55,0,0,0,0,1,0,1,0
Tle6,0,0,0,0,0,0,1,0
Gpm6b,0,0,0,0,1,0,0,0
Gpr108,0,0,0,0,1,0,0,0
Tal1,0,0,0,0,0,0,1,0
Gprc5b,0,0,0,0,1,0,0,0
Gpx3,0,0,0,0,1,0,0,0
Bend7,0,0,0,0,0,0,1,0
Gpx8,0,0,0,0,1,0,1,0
Mob1b,0,0,0,0,0,0,1,0
Gramd1b,0,0,0,0,1,0,1,0
Gramd4,0,0,0,0,1,0,0,0
Tigar,0,0,0,0,0,0,1,0
Grb10,0,0,0,0,1,0,0,0
Tubg1,0,0,0,0,0,0,1,0
Grina,0,0,0,0,1,0,0,0
Neurl1b,0,0,0,0,0,0,1,0
Grk5,0,0,0,0,1,0,0,0
Gsk3b,0,0,0,0,1,0,0,0
Aqp2,0,0,0,0,0,0,1,0
Gstm5,0,0,0,0,1,0,0,0
Rab9,0,0,0,0,0,0,1,0
Hspa12b,0,0,0,0,1,0,1,0
Uchl3,0,0,0,0,0,0,1,0
Gyg,0,0,0,0,1,0,1,0
Iscu,0,0,0,0,1,0,1,0
Gm10175,0,0,0,0,0,0,1,0
Fam49b,0,0,0,0,0,0,1,0
Tarm1,0,0,0,0,0,0,1,0
Hacd1,0,0,0,0,1,0,1,0
Rab3ip,0,0,0,0,0,0,1,0
Haus3,0,0,0,0,1,0,0,0
Lamb3,0,0,0,0,1,0,1,0
Hcar1,0,0,0,0,1,0,0,0
Hcar2,0,0,0,0,1,0,0,0
Hcfc1r1,0,0,0,0,1,0,0,0
Hdac2,0,0,0,0,1,0,0,0
Pafah1b3,0,0,0,0,0,0,1,0
Hddc2,0,0,0,0,1,0,0,0
Kif20a,0,0,0,0,0,0,1,0
Filip1l,0,0,0,0,0,0,1,0
Hddc3,0,0,0,0,1,0,0,0
Hdhd2,0,0,0,0,1,0,1,0
Ctsz,0,0,0,0,0,0,1,0
Heatr5b,0,0,0,0,1,0,0,0
Heg1,0,0,0,0,1,0,0,0
C1qtnf6,0,0,0,0,0,0,1,0
Herc3,0,0,0,0,1,0,1,0
Zfp27,0,0,0,0,0,0,1,0
Hexim1,0,0,0,0,1,0,0,0
Atad3a,0,0,0,0,0,0,1,0
Fnip1,0,0,0,0,0,0,1,0
Higd1b,0,0,0,0,1,0,0,0
Higd2a,0,0,0,0,1,0,1,0
Hip1,0,0,0,0,1,0,0,0
Cntf,0,0,0,0,0,0,1,0
Hipk2,0,0,0,0,1,0,0,0
Pmm2,0,0,0,0,0,0,1,0
Card19,0,0,0,0,0,0,1,0
Hist2h2be,0,0,0,0,1,0,1,0
Hivep2,0,0,0,0,1,0,0,0
Hk1,0,0,0,0,1,0,1,0
Mansc4,0,0,0,0,0,0,1,0
Slc25a5,0,0,0,0,0,0,1,0
Hoxa5,0,0,0,0,1,0,0,0
Hoxa7,0,0,0,0,1,0,0,0
Tecpr1,0,0,0,0,1,0,1,0
Hoxb3os,0,0,0,0,1,0,0,0
Ethe1,0,0,0,0,0,0,1,0
Mark1,0,0,0,0,0,0,1,0
Hoxc8,0,0,0,0,1,0,0,0
Usp8,0,0,0,0,0,0,1,0
Hsbp1,0,0,0,0,1,0,0,0
Ndufa3,0,0,0,0,1,0,1,0
Myo5a,0,0,0,0,1,0,1,0
Hpd,0,0,0,0,0,0,1,0
Hspa1a,0,0,0,0,1,0,0,0
Shroom2,0,0,0,0,0,0,1,0
Sco1,0,0,0,0,0,0,1,0
Hspb7,0,0,0,0,1,0,0,0
Tbx18,0,0,0,0,0,0,1,0
Hspg2,0,0,0,0,1,0,0,0
Slmo1,0,0,0,0,0,0,1,0
Htra2,0,0,0,0,1,0,0,0
mt-Cytb,0,0,0,0,0,0,1,0
Htra3,0,0,0,0,1,0,0,0
Gimap3,0,0,0,0,0,0,1,0
Iars2,0,0,0,0,1,0,1,0
Gimap8,0,0,0,0,0,0,1,0
Idh2,0,0,0,0,1,0,1,0
Kdr,0,0,0,0,1,0,1,0
Gm3883,0,0,0,0,0,0,1,0
Ids,0,0,0,0,1,0,0,0
Idua,0,0,0,0,1,0,0,0
Mpp6,0,0,0,0,0,0,1,0
Ier3,0,0,0,0,1,0,1,0
Atp5sl,0,0,0,0,0,0,1,0
Rexo2,0,0,0,0,0,0,1,0
Ifi27l2a,0,0,0,0,1,0,0,0
Ifngr1,0,0,0,0,1,0,0,0
Crispld1,0,0,0,0,0,0,1,0
Ift172,0,0,0,0,1,0,0,0
Bag2,0,0,0,0,0,0,1,0
Ift57,0,0,0,0,1,0,0,0
Asb4,0,0,0,0,0,0,1,0
Ift81,0,0,0,0,1,0,0,0
Slc25a11,0,0,0,0,1,0,1,0
Igf1r,0,0,0,0,1,0,0,0
Igfbp5,0,0,0,0,1,0,0,0
Ikzf2,0,0,0,0,1,0,0,0
Dchs1,0,0,0,0,0,0,1,0
Il10rb,0,0,0,0,1,0,0,0
Rfk,0,0,0,0,1,0,1,0
Impdh1,0,0,0,0,1,0,1,0
Brap,0,0,0,0,0,0,1,0
Inafm2,0,0,0,0,1,0,0,0
Inpp5a,0,0,0,0,1,0,0,0
Cnga3,0,0,0,0,0,0,1,0
Inppl1,0,0,0,0,1,0,0,0
Xkrx,0,0,0,0,0,0,1,0
Ints10,0,0,0,0,1,0,1,0
Ints2,0,0,0,0,1,0,0,0
Ints4,0,0,0,0,1,0,0,0
Map3k15,0,0,0,0,0,0,1,0
Ipo13,0,0,0,0,1,0,0,0
Ipo9,0,0,0,0,1,0,0,0
Iqgap1,0,0,0,0,1,0,0,0
Timm22,0,0,0,0,0,0,1,0
Iqsec1,0,0,0,0,1,0,0,0
Irak1bp1,0,0,0,0,1,0,0,0
Nim1k,0,0,0,0,0,0,1,0
Irak3,0,0,0,0,1,0,0,0
Tlr5,0,0,0,0,0,0,1,0
Irf4,0,0,0,0,1,0,1,0
Mrpl15,0,0,0,0,0,0,1,0
Irs1,0,0,0,0,1,0,0,0
Srcin1,0,0,0,0,0,0,1,0
Irs2,0,0,0,0,1,0,0,0
Irs3,0,0,0,0,1,0,0,0
Plekhg1,0,0,0,0,0,0,1,0
Hid1,0,0,0,0,0,0,1,0
Itga1,0,0,0,0,1,0,1,0
Gm12338,0,0,0,0,0,0,1,0
Itga6,0,0,0,0,1,0,0,0
Hey1,0,0,0,0,0,0,1,0
Itga7,0,0,0,0,1,0,0,0
Psmb2,0,0,0,0,1,0,1,0
Itpkb,0,0,0,0,1,0,1,0
Izumo1,0,0,0,0,1,0,0,0
Rph3al,0,0,0,0,0,0,1,0
Jag1,0,0,0,0,1,0,0,0
Jag2,0,0,0,0,1,0,0,0
Ctla2a,0,0,0,0,0,0,1,0
Jam2,0,0,0,0,1,0,1,0
Pdgfd,0,0,0,0,1,0,1,0
Jam3,0,0,0,0,1,0,0,0
Cyp26b1,0,0,0,0,0,0,1,0
Jun,0,0,0,0,1,0,0,0
Kank3,0,0,0,0,1,0,0,0
Gimap4,0,0,0,0,0,0,1,0
Kbtbd11,0,0,0,0,1,0,0,0
Clec14a,0,0,0,0,0,0,1,0
Nit2,0,0,0,0,0,0,1,0
Kcna5,0,0,0,0,1,0,1,0
Psmd8,0,0,0,0,0,0,1,0
Rcan2,0,0,0,0,0,0,1,0
Kctd10,0,0,0,0,1,0,0,0
Stoml2,0,0,0,0,0,0,1,0
Kctd11,0,0,0,0,1,0,0,0
Gm5526,0,0,0,0,0,0,1,0
Kctd12b,0,0,0,0,1,0,0,0
Tspan2,0,0,0,0,0,0,1,0
Kctd3,0,0,0,0,1,0,0,0
Kctd9,0,0,0,0,1,0,1,0
Tmem136,0,0,0,0,0,0,1,0
Csdc2,0,0,0,0,0,0,1,0
Kif16b,0,0,0,0,1,0,1,0
Kif2a,0,0,0,0,1,0,0,0
Kif3a,0,0,0,0,1,0,0,0
Icam1,0,0,0,0,0,0,1,0
Kifap3,0,0,0,0,1,0,0,0
Kitl,0,0,0,0,1,0,0,0
Rtca,0,0,0,0,1,0,1,0
Klf10,0,0,0,0,1,0,0,0
Cipc,0,0,0,0,0,0,1,0
Klf4,0,0,0,0,1,0,0,0
Klhdc1,0,0,0,0,1,0,0,0
Ptprk,0,0,0,0,0,0,1,0
Ksr1,0,0,0,0,1,0,0,0
Hmg20b,0,0,0,0,0,0,1,0
l7Rn6,0,0,0,0,1,0,1,0
Sars2,0,0,0,0,0,0,1,0
3110001I22Rik,0,0,0,0,0,0,1,0
Lama4,0,0,0,0,1,0,0,0
Aspm,0,0,0,0,0,0,1,0
Lamb1,0,0,0,0,1,0,0,0
Mpv17l2,0,0,0,0,1,0,1,0
Lamb2,0,0,0,0,1,0,0,0
Mrps21,0,0,0,0,0,0,1,0
Lamc1,0,0,0,0,1,0,0,0
Tubb6,0,0,0,0,0,0,1,0
Laptm4b,0,0,0,0,1,0,0,0
Lars2,0,0,0,0,1,0,0,0
Mto1,0,0,0,0,0,0,1,0
Lbh,0,0,0,0,1,0,1,0
Smim20,0,0,0,0,1,0,1,0
Lcmt1,0,0,0,0,1,0,0,0
Uhrf1,0,0,0,0,0,0,1,0
Cdh2,0,0,0,0,0,0,1,0
Cd63-ps,0,0,0,0,0,0,1,0
Dynlt1-ps1,0,0,0,0,0,0,1,0
Lgals1,0,0,0,0,1,0,0,0
Ict1,0,0,0,0,0,0,1,0
Lgals12,0,0,0,0,1,0,0,0
Gm12394,0,0,0,0,0,0,1,0
Osbpl9,0,0,0,0,0,0,1,0
Limch1,0,0,0,0,1,0,0,0
Nr4a2,0,0,0,0,1,0,1,0
Lims1,0,0,0,0,1,0,0,0
Inpp4b,0,0,0,0,0,0,1,0
Sox18,0,0,0,0,1,0,1,0
Lix1l,0,0,0,0,1,0,0,0
Glt28d2,0,0,0,0,0,0,1,0
Sytl1,0,0,0,0,0,0,1,0
Lmo4,0,0,0,0,1,0,0,0
Lncbate1,0,0,0,0,1,0,0,0
Hsd17b7,0,0,0,0,0,0,1,0
Lnpep,0,0,0,0,1,0,0,0
Mrs2,0,0,0,0,1,0,1,0
Lnx1,0,0,0,0,1,0,1,0
Mrpl35,0,0,0,0,1,0,1,0
LOC102632302,0,0,0,0,1,0,0,0
LOC102633210,0,0,0,0,1,0,0,0
Fxn,0,0,0,0,0,0,1,0
LOC102633627,0,0,0,0,1,0,0,0
LOC102639184,0,0,0,0,1,0,0,0
Nkiras2,0,0,0,0,1,0,1,0
Ube2n-ps1,0,0,0,0,0,0,1,0
LOC102642973,0,0,0,0,1,0,0,0
Dapk2,0,0,0,0,0,0,1,0
LOC105245453,0,0,0,0,1,0,0,0
LOC105246409,0,0,0,0,1,0,0,0
Lmf1,0,0,0,0,0,0,1,0
Lox,0,0,0,0,1,0,0,0
Ap5m1,0,0,0,0,0,0,1,0
Loxl1,0,0,0,0,1,0,0,0
Itga4,0,0,0,0,0,0,1,0
Lpar6,0,0,0,0,1,0,0,0
Gm9958,0,0,0,0,0,0,1,0
Lpcat1,0,0,0,0,1,0,0,0
Lpl,0,0,0,0,1,0,0,0
Lrch3,0,0,0,0,1,0,0,0
Plcb2,0,0,0,0,0,0,1,0
Lrig2,0,0,0,0,1,0,0,0
Rassf3,0,0,0,0,0,0,1,0
Lrp10,0,0,0,0,1,0,0,0
Dnajc25,0,0,0,0,0,0,1,0
Lrp12,0,0,0,0,1,0,0,0
Fam160a1,0,0,0,0,0,0,1,0
Lrrc27,0,0,0,0,1,0,1,0
Lrrc51,0,0,0,0,1,0,0,0
Lrrc61,0,0,0,0,1,0,0,0
Lrrcc1,0,0,0,0,1,0,0,0
Lsm12,0,0,0,0,1,0,0,0
Ppdpf,0,0,0,0,0,0,1,0
Ltbp2,0,0,0,0,1,0,1,0
Tmem204,0,0,0,0,1,0,1,0
Ltbp3,0,0,0,0,1,0,0,0
Ltbp4,0,0,0,0,1,0,1,0
Myo19,0,0,0,0,0,0,1,0
Kifc3,0,0,0,0,0,0,1,0
Luzp1,0,0,0,0,1,0,0,0
Ly6a,0,0,0,0,1,0,0,0
Atp1a1,0,0,0,0,0,0,1,0
Ly6c2,0,0,0,0,1,0,0,0
Csrnp1,0,0,0,0,0,0,1,0
Cbr1,0,0,0,0,0,0,1,0
Lzic,0,0,0,0,1,0,1,0
Col8a1,0,0,0,0,0,0,1,0
Klhl6,0,0,0,0,0,0,1,0
Macrod1,0,0,0,0,1,0,1,0
Mpzl3,0,0,0,0,0,0,1,0
Maea,0,0,0,0,1,0,0,0
Akirin1,0,0,0,0,0,0,1,0
Mamld1,0,0,0,0,1,0,1,0
Mtpap,0,0,0,0,1,0,1,0
Man2a2,0,0,0,0,1,0,0,0
Map1lc3a,0,0,0,0,1,0,0,0
Rgs4,0,0,0,0,1,0,1,0
Map1lc3b,0,0,0,0,1,0,0,0
Rhpn2,0,0,0,0,0,0,1,0
Map2k3os,0,0,0,0,1,0,0,0
Sfxn5,0,0,0,0,0,0,1,0
Map3k1,0,0,0,0,1,0,0,0
Sdha,0,0,0,0,1,0,1,0
Map3k6,0,0,0,0,1,0,0,0
Map4,0,0,0,0,1,0,0,0
Col4a5,0,0,0,0,0,0,1,0
Map4k4,0,0,0,0,1,0,0,0
Pdk1,0,0,0,0,1,0,1,0
Mapk1ip1,0,0,0,0,1,0,0,0
Mapk3,0,0,0,0,1,0,0,0
Mapkapk2,0,0,0,0,1,0,1,0
Mapkapk3,0,0,0,0,1,0,1,0
Mapt,0,0,0,0,1,0,1,0
Mark2,0,0,0,0,1,0,0,0
Mast2,0,0,0,0,1,0,0,0
Ric8b,0,0,0,0,1,0,1,0
Mast4,0,0,0,0,1,0,0,0
Ndufaf1,0,0,0,0,1,0,1,0
Mat2a,0,0,0,0,1,0,0,0
Alg14,0,0,0,0,0,0,1,0
Aars2,0,0,0,0,0,0,1,0
Mbnl1,0,0,0,0,1,0,0,0
Abhd17c,0,0,0,0,0,0,1,0
Mbp,0,0,0,0,1,0,0,0
Pak1ip1,0,0,0,0,0,0,1,0
Mcam,0,0,0,0,1,0,0,0
Ube2f,0,0,0,0,1,0,1,0
Tagln2,0,0,0,0,1,0,1,0
Mccc2,0,0,0,0,1,0,0,0
Srms,0,0,0,0,0,0,1,0
Nabp2,0,0,0,0,0,0,1,0
Far2,0,0,0,0,0,0,1,0
Tm4sf1,0,0,0,0,0,0,1,0
Me2,0,0,0,0,1,0,0,0
Sncaip,0,0,0,0,0,0,1,0
Lrrfip1,0,0,0,0,0,0,1,0
Slc52a2,0,0,0,0,0,0,1,0
Mecom,0,0,0,0,1,0,0,0
Slc35g1,0,0,0,0,0,0,1,0
Med10,0,0,0,0,1,0,0,0
Med12,0,0,0,0,1,0,0,0
Zcchc3,0,0,0,0,0,0,1,0
Med12l,0,0,0,0,1,0,0,0
Nedd4l,0,0,0,0,1,0,1,0
Med13l,0,0,0,0,1,0,0,0
4930590J08Rik,0,0,0,0,0,0,1,0
Mef2a,0,0,0,0,1,0,0,0
Mef2c,0,0,0,0,1,0,0,0
Myct1,0,0,0,0,1,0,1,0
Meox2,0,0,0,0,1,0,1,0
Mrpl39,0,0,0,0,1,0,1,0
Mettl10,0,0,0,0,1,0,0,0
Adamts3,0,0,0,0,0,0,1,0
Mettl22,0,0,0,0,1,0,1,0
Arfgef2,0,0,0,0,0,0,1,0
Tpcn1,0,0,0,0,1,0,1,0
Mff,0,0,0,0,1,0,1,0
Psma6,0,0,0,0,0,0,1,0
Mfge8,0,0,0,0,1,0,0,0
Mfn2,0,0,0,0,1,0,1,0
Psd,0,0,0,0,0,0,1,0
Mfng,0,0,0,0,1,0,0,0
Mfsd7b,0,0,0,0,1,0,0,0
Galt,0,0,0,0,0,0,1,0
Mgat4a,0,0,0,0,1,0,0,0
Nhej1,0,0,0,0,0,0,1,0
Mgat4b,0,0,0,0,1,0,0,0
Dhrs13,0,0,0,0,0,0,1,0
Mgp,0,0,0,0,1,0,0,0
Vmp1,0,0,0,0,0,0,1,0
Mgst3,0,0,0,0,1,0,0,0
Oaf,0,0,0,0,0,0,1,0
Mical3,0,0,0,0,1,0,0,0
Micall1,0,0,0,0,1,0,0,0
Mir1931,0,0,0,0,1,0,0,0
Mif4gd,0,0,0,0,1,0,0,0
Tamm41,0,0,0,0,0,0,1,0
Tmem253,0,0,0,0,0,0,1,0
Mipep,0,0,0,0,1,0,1,0
Slc35f6,0,0,0,0,0,0,1,0
Mir1933,0,0,0,0,1,0,0,0
Zc3h14,0,0,0,0,0,0,1,0
Mir1957a,0,0,0,0,1,0,0,0
Sema6a,0,0,0,0,1,0,1,0
Mir1966,0,0,0,0,1,0,0,0
Mrpl36,0,0,0,0,0,0,1,0
Mir3076,0,0,0,0,1,0,0,0
Mir365-1,0,0,0,0,1,0,0,0
Them4,0,0,0,0,0,0,1,0
Mir5107,0,0,0,0,1,0,0,0
Mir5114,0,0,0,0,1,0,0,0
Map3k9,0,0,0,0,0,0,1,0
Mpz,0,0,0,0,1,0,0,0
Mir5129,0,0,0,0,1,0,0,0
Ak4,0,0,0,0,0,0,1,0
Mir568,0,0,0,0,1,0,0,0
Fam96a,0,0,0,0,0,0,1,0
Mir700,0,0,0,0,1,0,0,0
Mir705,0,0,0,0,1,0,0,0
Alg12,0,0,0,0,0,0,1,0
Mira,0,0,0,0,1,0,0,0
Xylb,0,0,0,0,0,0,1,0
Osgin1,0,0,0,0,0,0,1,0
Mkrn2,0,0,0,0,1,0,0,0
Gm42857,0,0,0,0,0,0,1,0
Cks2,0,0,0,0,0,0,1,0
Snx24,0,0,0,0,0,0,1,0
Mllt11,0,0,0,0,1,0,0,0
Elof1,0,0,0,0,0,0,1,0
Mllt3,0,0,0,0,1,0,0,0
Mlxip,0,0,0,0,1,0,0,0
Pln,0,0,0,0,0,0,1,0
Mturn,0,0,0,0,1,0,0,0
Txn2,0,0,0,0,0,0,1,0
Mmrn2,0,0,0,0,1,0,1,0
H2-Eb1,0,0,0,0,0,0,1,0
Mogat1,0,0,0,0,1,0,0,0
Mospd1,0,0,0,0,1,0,0,0
Emc4,0,0,0,0,0,0,1,0
Sox7,0,0,0,0,0,0,1,0
Ncoa7,0,0,0,0,1,0,1,0
Tmem8,0,0,0,0,0,0,1,0
Nedd9,0,0,0,0,1,0,0,0
Mpdz,0,0,0,0,1,0,0,0
Arhgef5,0,0,0,0,0,0,1,0
Mpi,0,0,0,0,1,0,0,0
Mpp7,0,0,0,0,1,0,0,0
Xcr1,0,0,0,0,0,0,1,0
Mr1,0,0,0,0,1,0,0,0
Mrap,0,0,0,0,1,0,0,0
She,0,0,0,0,0,0,1,0
Spata13,0,0,0,0,0,0,1,0
Cgref1,0,0,0,0,0,0,1,0
Arhgef26,0,0,0,0,0,0,1,0
Mrpl37,0,0,0,0,1,0,1,0
Ccbl1,0,0,0,0,0,0,1,0
Mrpl45,0,0,0,0,1,0,0,0
Cops3,0,0,0,0,0,0,1,0
Gm16147,0,0,0,0,0,0,1,0
Ptp4a3,0,0,0,0,1,0,1,0
Mrps15,0,0,0,0,1,0,0,0
Ccr10,0,0,0,0,0,0,1,0
Uqcc2,0,0,0,0,0,0,1,0
Gm43110,0,0,0,0,0,0,1,0
Nup210,0,0,0,0,0,0,1,0
Mrps25,0,0,0,0,1,0,0,0
Abcg2,0,0,0,0,0,0,1,0
Mrps30,0,0,0,0,1,0,0,0
44078,0,0,0,0,0,0,1,0
Myrf,0,0,0,0,0,0,1,0
Mrps6,0,0,0,0,1,0,0,0
5031439G07Rik,0,0,0,0,0,0,1,0
Ogn,0,0,0,0,1,0,0,0
1700016D06Rik,0,0,0,0,0,0,1,0
Msh2,0,0,0,0,1,0,0,0
Abhd11,0,0,0,0,0,0,1,0
Msi2,0,0,0,0,1,0,1,0
Robo4,0,0,0,0,1,0,1,0
Osmr,0,0,0,0,1,0,0,0
Mtap7d3,0,0,0,0,1,0,0,0
Dnpep,0,0,0,0,0,0,1,0
Mtch1,0,0,0,0,1,0,1,0
Ggta1,0,0,0,0,0,0,1,0
Syt7,0,0,0,0,0,0,1,0
Mthfd2l,0,0,0,0,1,0,0,0
Mtmr2,0,0,0,0,1,0,1,0
Stxbp2,0,0,0,0,0,0,1,0
Nxpe4,0,0,0,0,1,0,1,0
Slc11a2,0,0,0,0,0,0,1,0
Pbxip1,0,0,0,0,1,0,0,0
mt-Ta,0,0,0,0,1,0,0,0
Ankrd28,0,0,0,0,0,0,1,0
mt-Ts1,0,0,0,0,1,0,0,0
Sparcl1,0,0,0,0,1,0,1,0
mt-Ty,0,0,0,0,1,0,0,0
Tarsl2,0,0,0,0,1,0,1,0
Grsf1,0,0,0,0,0,0,1,0
Pdcd7,0,0,0,0,1,0,0,0
Mvb12b,0,0,0,0,1,0,0,0
Cdk18,0,0,0,0,0,0,1,0
Mybpc1,0,0,0,0,1,0,0,0
Mybpc2,0,0,0,0,1,0,0,0
Myc,0,0,0,0,1,0,0,0
S100a13,0,0,0,0,1,0,1,0
Myeov2,0,0,0,0,1,0,0,0
Psmb7,0,0,0,0,0,0,1,0
Myh11,0,0,0,0,1,0,0,0
Myl1,0,0,0,0,1,0,1,0
Slc25a12,0,0,0,0,0,0,1,0
Myl9,0,0,0,0,1,0,0,0
Ablim3,0,0,0,0,0,0,1,0
Mylk4,0,0,0,0,1,0,0,0
Adh6b,0,0,0,0,0,0,1,0
Pmf1,0,0,0,0,0,0,1,0
Vps25,0,0,0,0,0,0,1,0
Myoc,0,0,0,0,1,0,0,0
Rxrg,0,0,0,0,1,0,1,0
Gm11737,0,0,0,0,0,0,1,0
Dhcr7,0,0,0,0,0,0,1,0
Naa20,0,0,0,0,1,0,1,0
Fam136a,0,0,0,0,0,0,1,0
S1pr3,0,0,0,0,1,0,1,0
Nampt,0,0,0,0,1,0,1,0
Tmem65,0,0,0,0,1,0,1,0
Nap1l4,0,0,0,0,1,0,0,0
Napa,0,0,0,0,1,0,0,0
Napepld,0,0,0,0,1,0,0,0
Nav1,0,0,0,0,1,0,0,0
C730034F03Rik,0,0,0,0,0,0,1,0
Nav3,0,0,0,0,1,0,0,0
Rdh13,0,0,0,0,1,0,1,0
Mtif2,0,0,0,0,0,0,1,0
Plxna4,0,0,0,0,0,0,1,0
Ndc1,0,0,0,0,1,0,0,0
Ndn,0,0,0,0,1,0,0,0
Stbd1,0,0,0,0,0,0,1,0
Ndrg3,0,0,0,0,1,0,1,0
Gngt2,0,0,0,0,0,0,1,0
Ndufa1,0,0,0,0,1,0,1,0
Rasgrp3,0,0,0,0,1,0,1,0
Fam162a,0,0,0,0,0,0,1,0
Cpne7,0,0,0,0,0,0,1,0
Gm6969,0,0,0,0,0,0,1,0
Ndufa4l2,0,0,0,0,1,0,0,0
Trpm4,0,0,0,0,1,0,1,0
Tek,0,0,0,0,1,0,1,0
Ndufa7,0,0,0,0,1,0,0,0
Prex1,0,0,0,0,0,0,1,0
Slc9a3r1,0,0,0,0,0,0,1,0
Hspa4l,0,0,0,0,0,0,1,0
Prrx1,0,0,0,0,1,0,0,0
Ndufaf5,0,0,0,0,1,0,1,0
Clptm1,0,0,0,0,0,0,1,0
Prss23,0,0,0,0,1,0,0,0
Ndufaf7,0,0,0,0,1,0,0,0
2810408A11Rik,0,0,0,0,0,0,1,0
Ndufb3,0,0,0,0,1,0,0,0
Relt,0,0,0,0,0,0,1,0
Ptprb,0,0,0,0,0,0,1,0
Tcn2,0,0,0,0,0,0,1,0
Nme2,0,0,0,0,0,0,1,0
Sat1,0,0,0,0,0,0,1,0
Slc29a2,0,0,0,0,0,0,1,0
Map6,0,0,0,0,0,0,1,0
Chchd1,0,0,0,0,0,0,1,0
Nradd,0,0,0,0,0,0,1,0
Rab8b,0,0,0,0,1,0,0,0
Ceacam2,0,0,0,0,0,0,1,0
Lmo7,0,0,0,0,0,0,1,0
Neat1,0,0,0,0,1,0,0,0
Agtr1a,0,0,0,0,0,0,1,0
Nedd4,0,0,0,0,1,0,0,0
Pmpcb,0,0,0,0,1,0,1,0
Negr1,0,0,0,0,1,0,0,0
Neil1,0,0,0,0,1,0,0,0
Nepn,0,0,0,0,1,0,0,0
Stx3,0,0,0,0,0,0,1,0
Nes,0,0,0,0,1,0,0,0
Neurl4,0,0,0,0,1,0,0,0
Nf2,0,0,0,0,1,0,0,0
Car8,0,0,0,0,0,0,1,0
Nfe2l1,0,0,0,0,1,0,0,0
Mrvi1,0,0,0,0,0,0,1,0
Ngfrap1,0,0,0,0,1,0,0,0
Flad1,0,0,0,0,0,0,1,0
Tmem63b,0,0,0,0,0,0,1,0
Nkain1,0,0,0,0,1,0,0,0
Tank,0,0,0,0,0,0,1,0
Nmt2,0,0,0,0,1,0,1,0
Noa1,0,0,0,0,1,0,0,0
Egfl7,0,0,0,0,0,0,1,0
Cux1,0,0,0,0,0,0,1,0
Cyp2r1,0,0,0,0,0,0,1,0
Rcn2,0,0,0,0,1,0,0,0
Nomo1,0,0,0,0,1,0,0,0
Nos3,0,0,0,0,1,0,0,0
Notch3,0,0,0,0,1,0,1,0
Nova1,0,0,0,0,1,0,0,0
Epb42,0,0,0,0,0,0,1,0
Npc2,0,0,0,0,1,0,0,0
Rftn1,0,0,0,0,1,0,0,0
Npepps,0,0,0,0,1,0,0,0
Pigq,0,0,0,0,1,0,1,0
Nptn,0,0,0,0,1,0,0,0
Plxna2,0,0,0,0,1,0,1,0
Psmc3ip,0,0,0,0,0,0,1,0
Nr4a3,0,0,0,0,1,0,0,0
Klrg2,0,0,0,0,0,0,1,0
Tmem150a,0,0,0,0,0,0,1,0
Nsun3,0,0,0,0,1,0,1,0
Srpk3,0,0,0,0,0,0,1,0
Ntan1,0,0,0,0,1,0,0,0
Ubac1,0,0,0,0,1,0,1,0
Nudt18,0,0,0,0,1,0,0,0
Pgap2,0,0,0,0,0,0,1,0
Nudt3,0,0,0,0,1,0,0,0
Nup188,0,0,0,0,1,0,0,0
Ighm,0,0,0,0,0,0,1,0
Nup205,0,0,0,0,1,0,0,0
Nupl2,0,0,0,0,1,0,0,0
Lin37,0,0,0,0,0,0,1,0
Nupr1,0,0,0,0,1,0,0,0
Nutf2,0,0,0,0,1,0,0,0
Ska3,0,0,0,0,0,0,1,0
Nxf1,0,0,0,0,1,0,0,0
Als2cl,0,0,0,0,0,0,1,0
Yars2,0,0,0,0,0,0,1,0
Oaz2-ps,0,0,0,0,1,0,0,0
Phyh,0,0,0,0,0,0,1,0
Ociad1,0,0,0,0,1,0,0,0
Ppp1cb,0,0,0,0,1,0,1,0
Axdnd1,0,0,0,0,0,0,1,0
Mrpl38,0,0,0,0,0,0,1,0
Flcn,0,0,0,0,0,0,1,0
Olfr205,0,0,0,0,1,0,0,0
Mcu,0,0,0,0,0,0,1,0
Ophn1,0,0,0,0,1,0,0,0
Orc2,0,0,0,0,1,0,0,0
Snx10,0,0,0,0,1,0,1,0
Orc3,0,0,0,0,1,0,0,0
Rbks,0,0,0,0,0,0,1,0
Osbpl11,0,0,0,0,1,0,0,0
Tspan13,0,0,0,0,1,0,1,0
Scn7a,0,0,0,0,1,0,0,0
Osbpl5,0,0,0,0,1,0,0,0
Fam96b,0,0,0,0,0,0,1,0
Osgep,0,0,0,0,1,0,0,0
Osgin2,0,0,0,0,1,0,0,0
Nudt14,0,0,0,0,0,0,1,0
Serinc5,0,0,0,0,0,0,1,0
Oxct1,0,0,0,0,1,0,0,0
Edf1,0,0,0,0,0,0,1,0
Serpina3c,0,0,0,0,1,0,0,0
Gm10309,0,0,0,0,0,0,1,0
Ppp5c,0,0,0,0,1,0,1,0
P2rx6,0,0,0,0,1,0,1,0
P4ha1,0,0,0,0,1,0,0,0
Lrrn3,0,0,0,0,0,0,1,0
Pabpc4,0,0,0,0,1,0,0,0
Rpl28-ps1,0,0,0,0,0,0,1,0
Pacs1,0,0,0,0,1,0,0,0
Pakap,0,0,0,0,1,0,0,0
Efna1,0,0,0,0,0,0,1,0
Ybx2,0,0,0,0,1,0,1,0
Amacr,0,0,0,0,0,0,1,0
Palm2,0,0,0,0,1,0,1,0
Eif1ad,0,0,0,0,0,0,1,0
Palmd,0,0,0,0,1,0,0,0
Commd3,0,0,0,0,0,0,1,0
Ccdc125,0,0,0,0,0,0,1,0
Papss1,0,0,0,0,1,0,0,0
Slc1a3,0,0,0,0,1,0,0,0
Parp6,0,0,0,0,1,0,1,0
Dpy19l1,0,0,0,0,0,0,1,0
Pccb,0,0,0,0,1,0,0,0
Gng11,0,0,0,0,0,0,1,0
Pcdh19,0,0,0,0,1,0,0,0
Naalad2,0,0,0,0,0,0,1,0
Slc28a2,0,0,0,0,1,0,0,0
Pcdhga10,0,0,0,0,1,0,0,0
Ccna2,0,0,0,0,0,0,1,0
Pdcl3,0,0,0,0,1,0,0,0
Mrgbp,0,0,0,0,0,0,1,0
Pde1a,0,0,0,0,1,0,0,0
Slc44a2,0,0,0,0,1,0,0,0
Gabpa,0,0,0,0,0,0,1,0
Pde3b,0,0,0,0,1,0,0,0
Fam46c,0,0,0,0,0,0,1,0
Gimap6,0,0,0,0,0,0,1,0
Pde6d,0,0,0,0,1,0,0,0
Hspa8,0,0,0,0,0,0,1,0
Pdgfb,0,0,0,0,1,0,1,0
Gm14327,0,0,0,0,0,0,1,0
Pdgfra,0,0,0,0,1,0,0,0
Pdgfrb,0,0,0,0,1,0,1,0
Mrpl21,0,0,0,0,0,0,1,0
Lamtor1,0,0,0,0,0,0,1,0
Pdlim3,0,0,0,0,1,0,0,0
Rab20,0,0,0,0,0,0,1,0
Snhg5,0,0,0,0,1,0,0,0
Pdpr,0,0,0,0,1,0,1,0
Pdrg1,0,0,0,0,1,0,0,0
Tmem94,0,0,0,0,1,0,1,0
Pdzd2,0,0,0,0,1,0,0,0
Kxd1,0,0,0,0,0,0,1,0
C1rl,0,0,0,0,0,0,1,0
Peg13,0,0,0,0,1,0,0,0
Peg3,0,0,0,0,1,0,0,0
Gm3837,0,0,0,0,0,0,1,0
Snx6,0,0,0,0,1,0,0,0
Fgd4,0,0,0,0,0,0,1,0
Pet100,0,0,0,0,1,0,1,0
Atp8b5,0,0,0,0,0,0,1,0
Ppp1r16b,0,0,0,0,0,0,1,0
Pf4,0,0,0,0,1,0,0,0
Psmb3,0,0,0,0,0,0,1,0
AW011738,0,0,0,0,0,0,1,0
Mall,0,0,0,0,0,0,1,0
Rgs9bp,0,0,0,0,0,0,1,0
Sqle,0,0,0,0,0,0,1,0
Phc1,0,0,0,0,1,0,0,0
Phf20,0,0,0,0,1,0,0,0
Phka2,0,0,0,0,1,0,0,0
Phkb,0,0,0,0,1,0,0,0
Phkg1,0,0,0,0,1,0,0,0
Phlda3,0,0,0,0,1,0,0,0
Gm6505,0,0,0,0,0,0,1,0
Crip2,0,0,0,0,0,0,1,0
Phxr4,0,0,0,0,1,0,0,0
Pi4ka,0,0,0,0,1,0,0,0
Cyp27a1,0,0,0,0,0,0,1,0
Piezo1,0,0,0,0,1,0,0,0
Pigf,0,0,0,0,1,0,0,0
Fastkd5,0,0,0,0,0,0,1,0
Tc2n,0,0,0,0,0,0,1,0
Pik3ip1,0,0,0,0,1,0,0,0
Pik3r3,0,0,0,0,1,0,0,0
2610305D13Rik,0,0,0,0,0,0,1,0
Pink1,0,0,0,0,1,0,0,0
Pitrm1,0,0,0,0,1,0,0,0
Macf1,0,0,0,0,0,0,1,0
Pja2,0,0,0,0,1,0,0,0
Timm50,0,0,0,0,1,0,1,0
Pkd2l2,0,0,0,0,1,0,1,0
Slc25a32,0,0,0,0,0,0,1,0
Ssr4,0,0,0,0,0,0,1,0
Pla2g16,0,0,0,0,1,0,0,0
Rnf32,0,0,0,0,0,0,1,0
Plau,0,0,0,0,1,0,0,0
Gm13225,0,0,0,0,0,0,1,0
Psme4,0,0,0,0,0,0,1,0
Plcb3,0,0,0,0,1,0,0,0
C1qtnf4,0,0,0,0,0,0,1,0
Plcb4,0,0,0,0,1,0,1,0
Gm10094,0,0,0,0,0,0,1,0
Plcd1,0,0,0,0,1,0,0,0
Kif26a,0,0,0,0,0,0,1,0
Plekhb2,0,0,0,0,1,0,0,0
Nubp1,0,0,0,0,0,0,1,0
Plgrkt,0,0,0,0,1,0,0,0
Mrps5,0,0,0,0,0,0,1,0
Plin1,0,0,0,0,1,0,0,0
Mcf2l,0,0,0,0,0,0,1,0
Plin4,0,0,0,0,1,0,0,0
Tmc8,0,0,0,0,0,0,1,0
Gm17825,0,0,0,0,0,0,1,0
Plk4,0,0,0,0,1,0,0,0
Plod2,0,0,0,0,1,0,0,0
Plp1,0,0,0,0,1,0,0,0
Rpl23a,0,0,0,0,0,0,1,0
Plp2,0,0,0,0,1,0,0,0
Plpp6,0,0,0,0,1,0,0,0
Tpt1-ps3,0,0,0,0,0,0,1,0
Tmem173,0,0,0,0,0,0,1,0
Plxdc2,0,0,0,0,1,0,0,0
Picalm,0,0,0,0,0,0,1,0
Plxna1,0,0,0,0,1,0,1,0
Gm9803,0,0,0,0,0,0,1,0
Tmco4,0,0,0,0,0,0,1,0
Plxnd1,0,0,0,0,1,0,1,0
Tmx3,0,0,0,0,1,0,0,0
Nudt6,0,0,0,0,0,0,1,0
Pmp22,0,0,0,0,1,0,0,0
Lactb,0,0,0,0,0,0,1,0
Zfp385a,0,0,0,0,0,0,1,0
Mrpl22,0,0,0,0,0,0,1,0
Pnpla3,0,0,0,0,1,0,1,0
Dnajb9,0,0,0,0,0,0,1,0
Chaf1b,0,0,0,0,0,0,1,0
Pofut2,0,0,0,0,1,0,0,0
Trib1,0,0,0,0,0,0,1,0
Pogk,0,0,0,0,1,0,0,0
Polr2d,0,0,0,0,1,0,0,0
Abcb7,0,0,0,0,0,0,1,0
Polr2g,0,0,0,0,1,0,0,0
Polr2m,0,0,0,0,1,0,0,0
Lrrc32,0,0,0,0,0,0,1,0
Pomgnt1,0,0,0,0,1,0,1,0
Gcnt7,0,0,0,0,0,0,1,0
Popdc2,0,0,0,0,1,0,0,0
Porcn,0,0,0,0,1,0,0,0
Ankrd52,0,0,0,0,0,0,1,0
Ruvbl2,0,0,0,0,1,0,1,0
Pparg,0,0,0,0,1,0,0,0
Dyrk1b,0,0,0,0,0,0,1,0
Ppic,0,0,0,0,1,0,0,0
Gm5113,0,0,0,0,0,0,1,0
Ppip5k1,0,0,0,0,1,0,1,0
Slc12a2,0,0,0,0,1,0,1,0
Ppm1d,0,0,0,0,1,0,0,0
Bet1,0,0,0,0,0,0,1,0
Ppm1m,0,0,0,0,1,0,0,0
Ppp1ca,0,0,0,0,1,0,0,0
Apba3,0,0,0,0,0,0,1,0
Sema4a,0,0,0,0,0,0,1,0
Ppp1r14b,0,0,0,0,1,0,0,0
Rpl10a-ps1,0,0,0,0,0,0,1,0
Ppp1r2,0,0,0,0,1,0,0,0
Zfp366,0,0,0,0,1,0,1,0
Tusc5,0,0,0,0,1,0,0,0
Cenpn,0,0,0,0,0,0,1,0
Ppp1r9b,0,0,0,0,1,0,0,0
Hspa1l,0,0,0,0,0,0,1,0
Ppp2r1b,0,0,0,0,1,0,0,0
Ppp2r2a,0,0,0,0,1,0,0,0
Mlph,0,0,0,0,0,0,1,0
Ppp2r4,0,0,0,0,1,0,0,0
Dnajc28,0,0,0,0,0,0,1,0
Ppp2r5a,0,0,0,0,1,0,1,0
Ccdc151,0,0,0,0,0,0,1,0
C1qbp,0,0,0,0,0,0,1,0
Ppp2r5d,0,0,0,0,1,0,0,0
Mrps24,0,0,0,0,0,0,1,0
Ppp3cb,0,0,0,0,1,0,0,0
Gm4045,0,0,0,0,0,0,1,0
Pqlc3,0,0,0,0,1,0,0,0
Gm12276,0,0,0,0,0,0,1,0
Tomm5,0,0,0,0,1,0,1,0
Prdm16,0,0,0,0,1,0,0,0
Trappc8,0,0,0,0,0,0,1,0
Prdm9,0,0,0,0,1,0,0,0
Prdx2,0,0,0,0,1,0,0,0
Prmt7,0,0,0,0,0,0,1,0
Prelp,0,0,0,0,1,0,0,0
Ptbp2,0,0,0,0,1,0,1,0
Slc30a9,0,0,0,0,0,0,1,0
Prickle3,0,0,0,0,1,0,0,0
Prkaa1,0,0,0,0,1,0,0,0
Rcl1,0,0,0,0,0,0,1,0
Prkag1,0,0,0,0,1,0,0,0
Prkce,0,0,0,0,1,0,1,0
Chst2,0,0,0,0,0,0,1,0
Prkcg,0,0,0,0,1,0,0,0
Tpd52,0,0,0,0,0,0,1,0
Prkch,0,0,0,0,1,0,0,0
Dock5,0,0,0,0,0,0,1,0
Prkci,0,0,0,0,1,0,0,0
Kmt5a,0,0,0,0,0,0,1,0
Prkd1,0,0,0,0,1,0,0,0
Prkd2,0,0,0,0,1,0,0,0
Prkg1,0,0,0,0,1,0,0,0
Prkx,0,0,0,0,1,0,0,0
Zfp185,0,0,0,0,1,0,0,0
Prmt1,0,0,0,0,1,0,0,0
Tmem186,0,0,0,0,0,0,1,0
Prmt5,0,0,0,0,1,0,0,0
Adk,0,0,0,0,0,0,1,0
Prn,0,0,0,0,1,0,0,0
Prnp,0,0,0,0,1,0,0,0
Rhoj,0,0,0,0,1,0,1,0
Proca1,0,0,0,0,1,0,0,0
Slc16a2,0,0,0,0,0,0,1,0
Slc25a46,0,0,0,0,0,0,1,0
Nt5m,0,0,0,0,0,0,1,0
Prune,0,0,0,0,1,0,0,0
Golm1,0,0,0,0,0,0,1,0
Mppe1,0,0,0,0,0,0,1,0
Psap,0,0,0,0,1,0,0,0
Pptc7,0,0,0,0,0,0,1,0
BC029214,0,0,0,0,0,0,1,0
Pcdh12,0,0,0,0,0,0,1,0
Pstk,0,0,0,0,1,0,1,0
Rbbp8,0,0,0,0,0,0,1,0
Ptar1,0,0,0,0,1,0,1,0
Pno1,0,0,0,0,0,0,1,0
Otud6b,0,0,0,0,0,0,1,0
Ptpn18,0,0,0,0,0,0,1,0
Mrps16,0,0,0,0,0,0,1,0
Hagh,0,0,0,0,0,0,1,0
Ptrh2,0,0,0,0,0,0,1,0
Ptger4,0,0,0,0,1,0,0,0
Ntn1,0,0,0,0,0,0,1,0
Ptges3l,0,0,0,0,1,0,1,0
Mtx3,0,0,0,0,0,0,1,0
Tom1l1,0,0,0,0,0,0,1,0
Ptp4a1,0,0,0,0,1,0,0,0
Lamtor3,0,0,0,0,0,0,1,0
1700003E16Rik,0,0,0,0,0,0,1,0
Thoc6,0,0,0,0,0,0,1,0
Ptpn11,0,0,0,0,1,0,0,0
Mark3,0,0,0,0,0,0,1,0
Ptpn14,0,0,0,0,1,0,0,0
Ptpn4,0,0,0,0,1,0,0,0
Ptprm,0,0,0,0,1,0,0,0
Gm14494,0,0,0,0,0,0,1,0
Ptrf,0,0,0,0,1,0,0,0
Rab5c,0,0,0,0,0,0,1,0
Pts,0,0,0,0,1,0,1,0
Syt15,0,0,0,0,0,0,1,0
Purb,0,0,0,0,1,0,0,0
Mrps10,0,0,0,0,0,0,1,0
Pvalb,0,0,0,0,1,0,0,0
Pxdn,0,0,0,0,1,0,0,0
Zpbp,0,0,0,0,0,0,1,0
Pygb,0,0,0,0,1,0,0,0
Pygm,0,0,0,0,1,0,0,0
Rhot1,0,0,0,0,0,0,1,0
Pygo1,0,0,0,0,1,0,0,0
Hpgds,0,0,0,0,0,0,1,0
Sdhaf4,0,0,0,0,0,0,1,0
R3hdm1,0,0,0,0,1,0,1,0
Rab11b,0,0,0,0,1,0,0,0
Pde12,0,0,0,0,0,0,1,0
Rab11fip5,0,0,0,0,1,0,1,0
Tbc1d1,0,0,0,0,0,0,1,0
Rab12,0,0,0,0,1,0,1,0
Gcsh,0,0,0,0,0,0,1,0
Rab26,0,0,0,0,1,0,0,0
Rab34,0,0,0,0,1,0,0,0
Mif,0,0,0,0,0,0,1,0
Pmpca,0,0,0,0,0,0,1,0
Rab3gap2,0,0,0,0,1,0,0,0
Thg1l,0,0,0,0,1,0,1,0
Midn,0,0,0,0,0,0,1,0
Pisd,0,0,0,0,0,0,1,0
Rabif,0,0,0,0,1,0,1,0
Urod,0,0,0,0,0,0,1,0
Rad9b,0,0,0,0,1,0,0,0
Rala,0,0,0,0,1,0,0,0
Tsc2,0,0,0,0,1,0,1,0
Ralb,0,0,0,0,1,0,0,0
Ralgapa1,0,0,0,0,1,0,0,0
Hspd1-ps3,0,0,0,0,0,0,1,0
Ralgapb,0,0,0,0,1,0,1,0
Rnf125,0,0,0,0,0,0,1,0
Rap1gds1,0,0,0,0,1,0,1,0
Rnf24,0,0,0,0,1,0,1,0
Cadm4,0,0,0,0,0,0,1,0
Vdac2,0,0,0,0,1,0,1,0
Rasgrf2,0,0,0,0,1,0,0,0
Ncaph,0,0,0,0,0,0,1,0
Rasip1,0,0,0,0,1,0,0,0
Fxyd1,0,0,0,0,0,0,1,0
Rasl12,0,0,0,0,1,0,1,0
Rassf2,0,0,0,0,1,0,0,0
Rb1,0,0,0,0,1,0,0,0
Ddx41,0,0,0,0,0,0,1,0
Rbfox1,0,0,0,0,1,0,0,0
Notch4,0,0,0,0,0,0,1,0
Rbms2,0,0,0,0,1,0,0,0
BC106179,0,0,0,0,0,0,1,0
Rcan3,0,0,0,0,1,0,0,0
Tmie,0,0,0,0,0,0,1,0
Rcbtb2,0,0,0,0,1,0,0,0
Pdss2,0,0,0,0,0,0,1,0
Gm9821,0,0,0,0,0,0,1,0
Reep5,0,0,0,0,1,0,0,0
Tatdn3,0,0,0,0,1,0,1,0
Retn,0,0,0,0,1,0,0,0
Rfc4,0,0,0,0,1,0,1,0
Dhrs1,0,0,0,0,0,0,1,0
Rgcc,0,0,0,0,1,0,0,0
Hibadh,0,0,0,0,0,0,1,0
Rgma,0,0,0,0,1,0,0,0
Whrn,0,0,0,0,0,0,1,0
Rgmb,0,0,0,0,1,0,0,0
Tpcn2,0,0,0,0,0,0,1,0
Tbx2,0,0,0,0,0,0,1,0
Rsph3a,0,0,0,0,0,0,1,0
Malsu1,0,0,0,0,0,0,1,0
Flnb,0,0,0,0,0,0,1,0
Rhoq,0,0,0,0,1,0,0,0
Nhp2,0,0,0,0,0,0,1,0
Ric3,0,0,0,0,1,0,1,0
Lamtor5,0,0,0,0,0,0,1,0
Coa4,0,0,0,0,0,0,1,0
Mettl5,0,0,0,0,0,0,1,0
Rnf144a,0,0,0,0,1,0,0,0
Tcf15,0,0,0,0,1,0,1,0
Rnf150,0,0,0,0,1,0,0,0
Arpc5l,0,0,0,0,0,0,1,0
Rnf166,0,0,0,0,1,0,0,0
B3gnt3,0,0,0,0,0,0,1,0
Rnf7,0,0,0,0,1,0,0,0
Gm4654,0,0,0,0,0,0,1,0
Rnu1b1,0,0,0,0,1,0,0,0
Ubqln4,0,0,0,0,1,0,1,0
Rnu1b2,0,0,0,0,1,0,0,0
Tcea3,0,0,0,0,0,0,1,0
Rnu1b6,0,0,0,0,1,0,0,0
Selm,0,0,0,0,0,0,1,0
Clec9a,0,0,0,0,0,0,1,0
Rny1,0,0,0,0,1,0,0,0
Rny3,0,0,0,0,1,0,0,0
Dym,0,0,0,0,0,0,1,0
Rpe,0,0,0,0,1,0,0,0
Gpcpd1,0,0,0,0,0,0,1,0
Rpia,0,0,0,0,1,0,0,0
Rplp2,0,0,0,0,1,0,0,0
Gm10241,0,0,0,0,0,0,1,0
Rpp30,0,0,0,0,1,0,0,0
Gmfg,0,0,0,0,0,0,1,0
Rps3a2,0,0,0,0,1,0,0,0
Csnk2b,0,0,0,0,0,0,1,0
Rps6ka2,0,0,0,0,1,0,0,0
Rps6ka3,0,0,0,0,1,0,0,0
Rps6ka5,0,0,0,0,1,0,0,0
Rragc,0,0,0,0,1,0,0,0
Nfe2l3,0,0,0,0,0,0,1,0
Rras,0,0,0,0,1,0,0,0
Rrm1,0,0,0,0,1,0,0,0
Rrm2b,0,0,0,0,1,0,0,0
Rrn3,0,0,0,0,1,0,0,0
Tnik,0,0,0,0,0,0,1,0
Rsph3b,0,0,0,0,1,0,0,0
Narfl,0,0,0,0,0,0,1,0
Rtn3,0,0,0,0,1,0,0,0
Gpr21,0,0,0,0,0,0,1,0
Papln,0,0,0,0,0,0,1,0
Tnc,0,0,0,0,0,0,1,0
Iba57,0,0,0,0,0,0,1,0
S100a1,0,0,0,0,1,0,1,0
S100a11,0,0,0,0,1,0,1,0
S100a11-ps,0,0,0,0,1,0,0,0
Nt5dc1,0,0,0,0,0,0,1,0
S100a6,0,0,0,0,1,0,0,0
H2afy2,0,0,0,0,0,0,1,0
Fam161b,0,0,0,0,0,0,1,0
Ppfibp2,0,0,0,0,0,0,1,0
Il15ra,0,0,0,0,0,0,1,0
Sav1,0,0,0,0,1,0,0,0
Tie1,0,0,0,0,1,0,1,0
Sccpdh,0,0,0,0,1,0,0,0
Rnaset2b,0,0,0,0,0,0,1,0
Fcgr2b,0,0,0,0,0,0,1,0
Scn1b,0,0,0,0,1,0,0,0
Lgals4,0,0,0,0,0,0,1,0
Scpep1,0,0,0,0,1,0,0,0
Polr3c,0,0,0,0,0,0,1,0
Sacm1l,0,0,0,0,0,0,1,0
Alkbh6,0,0,0,0,0,0,1,0
Sdpr,0,0,0,0,1,0,0,0
Apoa1bp,0,0,0,0,0,0,1,0
Sec14l1,0,0,0,0,1,0,0,0
Mea1,0,0,0,0,0,0,1,0
Sec24b,0,0,0,0,1,0,0,0
Top2a,0,0,0,0,0,0,1,0
Sema3b,0,0,0,0,1,0,0,0
Sema3c,0,0,0,0,1,0,0,0
0610009B22Rik,0,0,0,0,0,0,1,0
Sema3g,0,0,0,0,1,0,1,0
Zswim4,0,0,0,0,0,0,1,0
Sema4b,0,0,0,0,1,0,0,0
Slc10a1,0,0,0,0,0,0,1,0
Sema7a,0,0,0,0,1,0,1,0
Reep1,0,0,0,0,0,0,1,0
Myo10,0,0,0,0,0,0,1,0
Serpinh1,0,0,0,0,1,0,0,0
Cdca2,0,0,0,0,0,0,1,0
Sestd1,0,0,0,0,1,0,0,0
Hsd17b10,0,0,0,0,0,0,1,0
Setbp1,0,0,0,0,1,0,0,0
Vipas39,0,0,0,0,0,0,1,0
Setd7,0,0,0,0,1,0,0,0
Chrnb2,0,0,0,0,0,0,1,0
Setd8,0,0,0,0,1,0,0,0
Sfxn4,0,0,0,0,1,0,0,0
RP23-145I16.3,0,0,0,0,0,0,1,0
Sgcb,0,0,0,0,1,0,0,0
Ppp1r14c,0,0,0,0,0,0,1,0
Sgcd,0,0,0,0,1,0,0,0
Sgce,0,0,0,0,1,0,0,0
Ccbl2,0,0,0,0,0,0,1,0
Sgk1,0,0,0,0,1,0,0,0
Dclre1b,0,0,0,0,0,0,1,0
Sgms1,0,0,0,0,1,0,0,0
Ldb2,0,0,0,0,0,0,1,0
Dgat2,0,0,0,0,0,0,1,0
Sh2d4a,0,0,0,0,1,0,0,0
Mtm1,0,0,0,0,0,0,1,0
Sh3glb1,0,0,0,0,1,0,0,0
Rad17,0,0,0,0,0,0,1,0
Sh3glb2,0,0,0,0,1,0,0,0
Mocs2,0,0,0,0,0,0,1,0
Sh3pxd2a,0,0,0,0,1,0,0,0
Hmox2,0,0,0,0,0,0,1,0
Shank3,0,0,0,0,1,0,0,0
Siah1a,0,0,0,0,1,0,0,0
Sik2,0,0,0,0,1,0,0,0
Rorc,0,0,0,0,0,0,1,0
Sike1,0,0,0,0,1,0,0,0
Aaed1,0,0,0,0,0,0,1,0
Sipa1l1,0,0,0,0,1,0,1,0
Mmadhc,0,0,0,0,0,0,1,0
Sipa1l3,0,0,0,0,1,0,0,0
Slc12a5,0,0,0,0,0,0,1,0
Sirt2,0,0,0,0,1,0,1,0
Six1,0,0,0,0,1,0,0,0
Sirt5,0,0,0,0,0,0,1,0
Slain2,0,0,0,0,1,0,0,0
Slc18b1,0,0,0,0,1,0,0,0
Tubb4b,0,0,0,0,0,0,1,0
Slc22a3,0,0,0,0,1,0,0,0
Ubiad1,0,0,0,0,0,0,1,0
Eaf2,0,0,0,0,0,0,1,0
Slc25a26,0,0,0,0,1,0,0,0
Fam89a,0,0,0,0,0,0,1,0
Slc25a36,0,0,0,0,1,0,0,0
Vps33a,0,0,0,0,1,0,1,0
Slc25a4,0,0,0,0,1,0,1,0
Rnf157,0,0,0,0,0,0,1,0
Tmem259,0,0,0,0,0,0,1,0
Slc26a10,0,0,0,0,1,0,0,0
Comt,0,0,0,0,0,0,1,0
Slc2a12,0,0,0,0,1,0,0,0
Vdac1,0,0,0,0,1,0,1,0
Ufc1,0,0,0,0,0,0,1,0
Mrps14,0,0,0,0,0,0,1,0
Slc41a1,0,0,0,0,1,0,0,0
Cmtm4,0,0,0,0,0,0,1,0
Hivep1,0,0,0,0,0,0,1,0
Slc44a3,0,0,0,0,1,0,0,0
Slc37a2,0,0,0,0,0,0,1,0
Il20rb,0,0,0,0,0,0,1,0
Slc50a1,0,0,0,0,1,0,0,0
Ifi30,0,0,0,0,0,0,1,0
Slc5a3,0,0,0,0,1,0,0,0
Calm1,0,0,0,0,0,0,1,0
Slc6a6,0,0,0,0,1,0,0,0
Slc6a8,0,0,0,0,1,0,0,0
Phospho2,0,0,0,0,0,0,1,0
Trmt10c,0,0,0,0,0,0,1,0
Slc7a6,0,0,0,0,1,0,1,0
A730049H05Rik,0,0,0,0,0,0,1,0
Slc9a3r2,0,0,0,0,1,0,0,0
Slc2a9,0,0,0,0,0,0,1,0
Slfn3,0,0,0,0,1,0,0,0
Slfn5,0,0,0,0,1,0,0,0
Npc1,0,0,0,0,0,0,1,0
Uckl1,0,0,0,0,0,0,1,0
Smad2,0,0,0,0,1,0,0,0
Exoc3l,0,0,0,0,0,0,1,0
Smap1,0,0,0,0,1,0,0,0
Gm19040,0,0,0,0,0,0,1,0
Smarcb1,0,0,0,0,1,0,0,0
Gm14403,0,0,0,0,0,0,1,0
Smarcd3,0,0,0,0,1,0,0,0
Vopp1,0,0,0,0,0,0,1,0
Smim10l1,0,0,0,0,1,0,0,0
Smim11,0,0,0,0,1,0,0,0
Ank3,0,0,0,0,0,0,1,0
Smoc2,0,0,0,0,1,0,0,0
Smpd1,0,0,0,0,1,0,0,0
Smpd4,0,0,0,0,1,0,0,0
Trak2,0,0,0,0,1,0,1,0
Smpdl3a,0,0,0,0,1,0,0,0
Tmsb4x,0,0,0,0,0,0,1,0
Smtn,0,0,0,0,1,0,0,0
Suclg2,0,0,0,0,0,0,1,0
Snapin,0,0,0,0,1,0,0,0
Aldh1a7,0,0,0,0,0,0,1,0
Mrpl19,0,0,0,0,0,0,1,0
Angpt2,0,0,0,0,0,0,1,0
Snhg7,0,0,0,0,1,0,0,0
Rilpl2,0,0,0,0,0,0,1,0
St6galnac4,0,0,0,0,0,0,1,0
U2af1l4,0,0,0,0,0,0,1,0
Snora17,0,0,0,0,1,0,0,0
Mrpl41,0,0,0,0,0,0,1,0
Snora43,0,0,0,0,1,0,0,0
Supv3l1,0,0,0,0,0,0,1,0
Snora52,0,0,0,0,1,0,0,0
Snrk,0,0,0,0,1,0,0,0
Ncapg,0,0,0,0,0,0,1,0
Snx12,0,0,0,0,1,0,0,0
Snx14,0,0,0,0,1,0,0,0
Spns2,0,0,0,0,0,0,1,0
Snx17,0,0,0,0,1,0,0,0
Uros,0,0,0,0,0,0,1,0
Lgi1,0,0,0,0,0,0,1,0
Socs5,0,0,0,0,1,0,0,0
Gna13,0,0,0,0,0,0,1,0
Rfxank,0,0,0,0,0,0,1,0
Pde10a,0,0,0,0,0,0,1,0
Bfar,0,0,0,0,0,0,1,0
Sort1,0,0,0,0,1,0,0,0
Pdlim1,0,0,0,0,0,0,1,0
Sos2,0,0,0,0,1,0,0,0
Sowahc,0,0,0,0,1,0,0,0
3110002H16Rik,0,0,0,0,0,0,1,0
Spa17,0,0,0,0,1,0,0,0
Olfr1372-ps1,0,0,0,0,0,0,1,0
Sparc,0,0,0,0,1,0,0,0
Gm12879,0,0,0,0,0,0,1,0
Cdca3,0,0,0,0,0,0,1,0
Spg21,0,0,0,0,1,0,0,0
Tppp3,0,0,0,0,1,0,1,0
Spg7,0,0,0,0,1,0,0,0
Dhx35,0,0,0,0,0,0,1,0
Spire1,0,0,0,0,1,0,1,0
Spsb2,0,0,0,0,1,0,0,0
Sptan1,0,0,0,0,1,0,0,0
Sptbn1,0,0,0,0,1,0,0,0
Ubl7,0,0,0,0,0,0,1,0
Srgn,0,0,0,0,1,0,0,0
Fech,0,0,0,0,0,0,1,0
Srp54c,0,0,0,0,1,0,0,0
Pex10,0,0,0,0,0,0,1,0
Ssbp2,0,0,0,0,1,0,0,0
Rars2,0,0,0,0,0,0,1,0
Sspn,0,0,0,0,1,0,0,0
Tecpr2,0,0,0,0,0,0,1,0
St3gal6,0,0,0,0,1,0,0,0
Ahrr,0,0,0,0,0,0,1,0
St6galnac2,0,0,0,0,1,0,0,0
Nt5dc2,0,0,0,0,0,0,1,0
Foxred2,0,0,0,0,0,0,1,0
Stim1,0,0,0,0,1,0,1,0
1700019D03Rik,0,0,0,0,0,0,1,0
Stk40,0,0,0,0,1,0,1,0
Homer1,0,0,0,0,0,0,1,0
Stmn2,0,0,0,0,1,0,0,0
Scarf1,0,0,0,0,0,0,1,0
Sync,0,0,0,0,0,0,1,0
Stox2,0,0,0,0,1,0,0,0
Gm14326,0,0,0,0,0,0,1,0
Strada,0,0,0,0,1,0,0,0
Stk10,0,0,0,0,0,0,1,0
Strip1,0,0,0,0,1,0,0,0
Stt3b,0,0,0,0,1,0,0,0
S1pr4,0,0,0,0,0,0,1,0
Stx12,0,0,0,0,1,0,0,0
A930018P22Rik,0,0,0,0,0,0,1,0
Stx18,0,0,0,0,1,0,1,0
Tssc1,0,0,0,0,0,0,1,0
Stx6,0,0,0,0,1,0,0,0
1110065P20Rik,0,0,0,0,0,0,1,0
Cd38,0,0,0,0,0,0,1,0
Sugt1,0,0,0,0,1,0,0,0
Tada2b,0,0,0,0,0,0,1,0
Sulf1,0,0,0,0,1,0,0,0
Plk2,0,0,0,0,0,0,1,0
Sulf2,0,0,0,0,1,0,0,0
Ube3b,0,0,0,0,0,0,1,0
Sun1,0,0,0,0,1,0,0,0
Gm15801,0,0,0,0,0,0,1,0
Supt3,0,0,0,0,1,0,0,0
Gm8783,0,0,0,0,0,0,1,0
N6amt1,0,0,0,0,0,0,1,0
Swsap1,0,0,0,0,1,0,0,0
Blvra,0,0,0,0,0,0,1,0
Syde1,0,0,0,0,1,0,0,0
Syne1,0,0,0,0,1,0,0,0
Adgrl3,0,0,0,0,0,0,1,0
Entpd1,0,0,0,0,0,0,1,0
Mrpl44,0,0,0,0,0,0,1,0
Map2k2,0,0,0,0,0,0,1,0
Tatdn1,0,0,0,0,1,0,1,0
Hspe1,0,0,0,0,0,0,1,0
0610009O20Rik,0,0,0,0,0,0,1,0
Slc19a1,0,0,0,0,0,0,1,0
Mrpl54,0,0,0,0,0,0,1,0
Cln5,0,0,0,0,0,0,1,0
Hsd3b2,0,0,0,0,0,0,1,0
Ppm1l,0,0,0,0,0,0,1,0
Lclat1,0,0,0,0,0,0,1,0
Lpin2,0,0,0,0,0,0,1,0
Metap1d,0,0,0,0,0,0,1,0
Synm,0,0,0,0,1,0,0,0
Synpo2,0,0,0,0,1,0,0,0
Syp,0,0,0,0,1,0,0,0
Dll4,0,0,0,0,0,0,1,0
Tacc1,0,0,0,0,1,0,0,0
Mbnl3,0,0,0,0,0,0,1,0
Taf1d,0,0,0,0,1,0,0,0
Tspan33,0,0,0,0,0,0,1,0
Ccz1,0,0,0,0,0,0,1,0
Slc4a11,0,0,0,0,0,0,1,0
Tax1bp3,0,0,0,0,1,0,0,0
Ttc19,0,0,0,0,0,0,1,0
Tbc1d13,0,0,0,0,1,0,0,0
Zswim3,0,0,0,0,0,0,1,0
Tbc1d19,0,0,0,0,1,0,0,0
Rhod,0,0,0,0,0,0,1,0
Brcc3,0,0,0,0,0,0,1,0
Tbc1d22b,0,0,0,0,1,0,0,0
Lsm4,0,0,0,0,0,0,1,0
Tbc1d32,0,0,0,0,1,0,0,0
Tbc1d4,0,0,0,0,1,0,0,0
Pcyox1,0,0,0,0,0,0,1,0
Tbc1d7,0,0,0,0,1,0,0,0
Pkp4,0,0,0,0,0,0,1,0
Nipa2,0,0,0,0,0,0,1,0
Tbx15,0,0,0,0,1,0,0,0
Tceal1,0,0,0,0,1,0,0,0
Entpd5,0,0,0,0,0,0,1,0
Tcf12,0,0,0,0,1,0,1,0
Mterf4,0,0,0,0,0,0,1,0
Tcf4,0,0,0,0,1,0,0,0
Tor4a,0,0,0,0,0,0,1,0
Tcta,0,0,0,0,1,0,0,0
Ccdc88b,0,0,0,0,0,0,1,0
Tead1,0,0,0,0,1,0,0,0
Rnmtl1,0,0,0,0,0,0,1,0
Psma1,0,0,0,0,0,0,1,0
Gsk3a,0,0,0,0,0,0,1,0
Tenm4,0,0,0,0,1,0,0,0
Arhgap27,0,0,0,0,0,0,1,0
Tep1,0,0,0,0,1,0,0,0
Actr1b,0,0,0,0,0,0,1,0
Msantd3,0,0,0,0,0,0,1,0
Tet2,0,0,0,0,1,0,0,0
Lamc3,0,0,0,0,0,0,1,0
Mycbp,0,0,0,0,0,0,1,0
Trim43c,0,0,0,0,0,0,1,0
Tgfbr3,0,0,0,0,1,0,0,0
Patl1,0,0,0,0,0,0,1,0
Tgtp2,0,0,0,0,1,0,0,0
Ccr9,0,0,0,0,0,0,1,0
Thbs4,0,0,0,0,1,0,0,0
Grpel2,0,0,0,0,0,0,1,0
Thra,0,0,0,0,1,0,0,0
Nutf2-ps1,0,0,0,0,0,0,1,0
Usp16,0,0,0,0,0,0,1,0
Tmx2,0,0,0,0,0,0,1,0
Hip1r,0,0,0,0,0,0,1,0
Exoc6,0,0,0,0,0,0,1,0
43895,0,0,0,0,1,0,1,0
Timp3,0,0,0,0,1,0,0,0
Tceb1,0,0,0,0,0,0,1,0
Timp4,0,0,0,0,1,0,0,0
Mterf2,0,0,0,0,0,0,1,0
Tiparp,0,0,0,0,1,0,0,0
Arhgef12,0,0,0,0,0,0,1,0
Tipin,0,0,0,0,1,0,0,0
Prc1,0,0,0,0,0,0,1,0
Tiprl,0,0,0,0,1,0,0,0
Tjp1,0,0,0,0,1,0,0,0
Cln3,0,0,0,0,0,0,1,0
Coa6,0,0,0,0,0,0,1,0
Tmco3,0,0,0,0,1,0,0,0
Atp6v0c,0,0,0,0,0,0,1,0
Tmeff1,0,0,0,0,1,0,0,0
Fam43a,0,0,0,0,0,0,1,0
Tmem106a,0,0,0,0,1,0,0,0
Tmem109,0,0,0,0,1,0,0,0
Tmem11,0,0,0,0,1,0,0,0
Arpp19,0,0,0,0,0,0,1,0
AW209491,0,0,0,0,0,0,1,0
Tmem140,0,0,0,0,1,0,0,0
Myrip,0,0,0,0,0,0,1,0
Gatb,0,0,0,0,0,0,1,0
Tmem159,0,0,0,0,1,0,0,0
Tfcp2l1,0,0,0,0,0,0,1,0
Tmem164,0,0,0,0,1,0,0,0
Tmem182,0,0,0,0,1,0,0,0
Tmem184b,0,0,0,0,1,0,0,0
Mief2,0,0,0,0,0,0,1,0
Tmem192,0,0,0,0,1,0,0,0
Pdcd10,0,0,0,0,0,0,1,0
Tmem218,0,0,0,0,1,0,0,0
Tmem223,0,0,0,0,1,0,0,0
Mrpl2,0,0,0,0,0,0,1,0
Tmco1,0,0,0,0,0,0,1,0
Tmem245,0,0,0,0,1,0,0,0
Atp6v1e1,0,0,0,0,0,0,1,0
Tmem38a,0,0,0,0,1,0,0,0
Gm10277,0,0,0,0,0,0,1,0
Tubg2,0,0,0,0,0,0,1,0
Tmem45b,0,0,0,0,1,0,0,0
Gm4787,0,0,0,0,0,0,1,0
Tmem50b,0,0,0,0,1,0,1,0
Vash1,0,0,0,0,0,0,1,0
Tmem80,0,0,0,0,1,0,0,0
Ahsa1,0,0,0,0,0,0,1,0
Pdlim2,0,0,0,0,0,0,1,0
Tmem8b,0,0,0,0,1,0,0,0
Nrip2,0,0,0,0,0,0,1,0
Pde4c,0,0,0,0,0,0,1,0
Tmtc1,0,0,0,0,1,0,0,0
Camsap3,0,0,0,0,0,0,1,0
Tnfrsf10b,0,0,0,0,1,0,0,0
Angptl7,0,0,0,0,0,0,1,0
Mtmr1,0,0,0,0,0,0,1,0
Tnip1,0,0,0,0,1,0,0,0
Tnnc2,0,0,0,0,1,0,0,0
Ube2a,0,0,0,0,0,0,1,0
Tnni2,0,0,0,0,1,0,0,0
Frrs1,0,0,0,0,0,0,1,0
Yy2,0,0,0,0,0,0,1,0
Ism1,0,0,0,0,0,0,1,0
Tom1l2,0,0,0,0,1,0,0,0
Tomm22,0,0,0,0,1,0,1,0
Brsk2,0,0,0,0,0,0,1,0
Pnkd,0,0,0,0,0,0,1,0
Tpd52l2,0,0,0,0,1,0,0,0
Phtf2,0,0,0,0,0,0,1,0
Tpgs2,0,0,0,0,1,0,0,0
Mkks,0,0,0,0,0,0,1,0
Tpm1,0,0,0,0,1,0,0,0
Dus1l,0,0,0,0,0,0,1,0
Tpm2,0,0,0,0,1,0,0,0
Faf1,0,0,0,0,0,0,1,0
Babam1,0,0,0,0,0,0,1,0
Angptl1,0,0,0,0,0,0,1,0
Traf7,0,0,0,0,1,0,0,0
Tyms,0,0,0,0,0,0,1,0
Knop1,0,0,0,0,0,0,1,0
Trap1,0,0,0,0,1,0,1,0
Tmx4,0,0,0,0,0,0,1,0
Trappc2l,0,0,0,0,1,0,0,0
Qrich1,0,0,0,0,0,0,1,0
Trappc4,0,0,0,0,1,0,0,0
Gm10600,0,0,0,0,0,0,1,0
Trdn,0,0,0,0,1,0,0,0
Nacc1,0,0,0,0,0,0,1,0
Trib2,0,0,0,0,1,0,0,0
Trim16,0,0,0,0,1,0,0,0
Gm1821,0,0,0,0,0,0,1,0
Trim24,0,0,0,0,1,0,0,0
Trim44,0,0,0,0,1,0,0,0
Trim68,0,0,0,0,1,0,0,0
Ghrl,0,0,0,0,0,0,1,0
Trip10,0,0,0,0,1,0,0,0
Trit1,0,0,0,0,1,0,0,0
Gm20784,0,0,0,0,0,0,1,0
Gm21378,0,0,0,0,0,0,1,0
Trpc3,0,0,0,0,1,0,0,0
Fam104a,0,0,0,0,0,0,1,0
Orc4,0,0,0,0,0,0,1,0
Trpt1,0,0,0,0,1,0,0,0
Nxn,0,0,0,0,0,0,1,0
Cdc25a,0,0,0,0,0,0,1,0
Tsc22d1,0,0,0,0,1,0,0,0
9130023H24Rik,0,0,0,0,0,0,1,0
Tsga10,0,0,0,0,1,0,0,0
Sh2d3c,0,0,0,0,0,0,1,0
Selo,0,0,0,0,0,0,1,0
Tsnax,0,0,0,0,1,0,0,0
Lrrfip2,0,0,0,0,0,0,1,0
Dzip1l,0,0,0,0,0,0,1,0
Tspan14,0,0,0,0,1,0,0,0
Wars2,0,0,0,0,0,0,1,0
Cog2,0,0,0,0,0,0,1,0
Tspan17,0,0,0,0,1,0,0,0
Tspan3,0,0,0,0,1,0,0,0
Wnt2b,0,0,0,0,0,0,1,0
Tspan6,0,0,0,0,1,0,0,0
Tspan7,0,0,0,0,1,0,0,0
Tspo,0,0,0,0,1,0,0,0
Zbed5,0,0,0,0,0,0,1,0
Ripk3,0,0,0,0,0,0,1,0
Frmd4a,0,0,0,0,0,0,1,0
Ttc28,0,0,0,0,1,0,0,0
Det1,0,0,0,0,0,0,1,0
Ttc7b,0,0,0,0,1,0,0,0
Ttc8,0,0,0,0,1,0,0,0
Lims2,0,0,0,0,0,0,1,0
Ttl,0,0,0,0,1,0,0,0
Ttll1,0,0,0,0,1,0,0,0
Ttn,0,0,0,0,1,0,0,0
Itga9,0,0,0,0,0,0,1,0
Tubb5,0,0,0,0,1,0,0,0
Etv1,0,0,0,0,0,0,1,0
Mtx1,0,0,0,0,0,0,1,0
Bbip1,0,0,0,0,0,0,1,0
Zfp672,0,0,0,0,0,0,1,0
Rfx2,0,0,0,0,0,0,1,0
Uaca,0,0,0,0,1,0,0,0
Prdm1,0,0,0,0,0,0,1,0
Ube2d-ps,0,0,0,0,1,0,0,0
Kcnab2,0,0,0,0,0,0,1,0
Def8,0,0,0,0,0,0,1,0
Ube4b,0,0,0,0,1,0,0,0
Ldlrad3,0,0,0,0,0,0,1,0
Ubtd2,0,0,0,0,1,0,0,0
44085,0,0,0,0,0,0,1,0
Nars2,0,0,0,0,0,0,1,0
4933427I04Rik,0,0,0,0,0,0,1,0
Tmem86b,0,0,0,0,0,0,1,0
Ufd1l,0,0,0,0,1,0,0,0
Defb42,0,0,0,0,0,0,1,0
Uhmk1,0,0,0,0,1,0,0,0
Rpl29,0,0,0,0,0,0,1,0
Unc45b,0,0,0,0,1,0,0,0
Fkbp4,0,0,0,0,0,0,1,0
Uprt,0,0,0,0,1,0,0,0
Cables2,0,0,0,0,0,0,1,0
Uqcc3,0,0,0,0,1,0,0,0
Usp3,0,0,0,0,0,0,1,0
Oxsm,0,0,0,0,0,0,1,0
Rreb1,0,0,0,0,0,0,1,0
Slc4a8,0,0,0,0,0,0,1,0
2700097O09Rik,0,0,0,0,0,0,1,0
Urb1,0,0,0,0,1,0,0,0
Urgcp,0,0,0,0,1,0,0,0
Lgals9,0,0,0,0,0,0,1,0
Usp28,0,0,0,0,1,0,0,0
Psme1,0,0,0,0,0,0,1,0
Vamp3,0,0,0,0,1,0,0,0
Rps11,0,0,0,0,0,0,1,0
Vcl,0,0,0,0,1,0,0,0
1700123O20Rik,0,0,0,0,0,0,1,0
Phykpl,0,0,0,0,0,0,1,0
Retnla,0,0,0,0,0,0,1,0
Vegfb,0,0,0,0,1,0,0,0
Unc119,0,0,0,0,0,0,1,0
Vezf1,0,0,0,0,1,0,0,0
Vgll4,0,0,0,0,1,0,0,0
Vim,0,0,0,0,1,0,0,0
Arc,0,0,0,0,0,0,1,0
AA986860,0,0,0,0,0,0,1,0
Ube3c,0,0,0,0,0,0,1,0
Vps4a,0,0,0,0,1,0,0,0
Gm14410,0,0,0,0,0,0,1,0
Vsig2,0,0,0,0,1,0,0,0
Thoc5,0,0,0,0,0,0,1,0
Vwa3a,0,0,0,0,1,0,1,0
Vwa9,0,0,0,0,1,0,0,0
Wasf2,0,0,0,0,1,0,0,0
Atp6v1f,0,0,0,0,0,0,1,0
Wdr70,0,0,0,0,1,0,0,0
Wls,0,0,0,0,1,0,0,0
Tbxas1,0,0,0,0,0,0,1,0
Wwtr1,0,0,0,0,1,0,0,0
Adal,0,0,0,0,0,0,1,0
Map2k5,0,0,0,0,0,0,1,0
Yaf2,0,0,0,0,1,0,1,0
Zfp91,0,0,0,0,0,0,1,0
Inpp1,0,0,0,0,0,0,1,0
Ybx3,0,0,0,0,1,0,0,0
Wdr91,0,0,0,0,0,0,1,0
Ywhab,0,0,0,0,1,0,0,0
2900026A02Rik,0,0,0,0,0,0,1,0
Zbtb10,0,0,0,0,1,0,0,0
Map7,0,0,0,0,0,0,1,0
Zbtb20,0,0,0,0,1,0,0,0
Rnase4,0,0,0,0,0,0,1,0
Zbtb38,0,0,0,0,1,0,0,0
Adamts7,0,0,0,0,0,0,1,0
Zbtb4,0,0,0,0,1,0,0,0
Zc2hc1a,0,0,0,0,1,0,0,0
Zdhhc1,0,0,0,0,1,0,0,0
Slmap,0,0,0,0,0,0,1,0
Zdhhc2,0,0,0,0,1,0,0,0
Prdx5,0,0,0,0,0,0,1,0
Zdhhc7,0,0,0,0,1,0,0,0
Cisd2,0,0,0,0,0,0,1,0
Zdhhc8,0,0,0,0,1,0,0,0
Zeb2,0,0,0,0,1,0,0,0
Zer1,0,0,0,0,1,0,0,0
Acad10,0,0,0,0,0,0,1,0
Zfp131,0,0,0,0,1,0,0,0
Npff,0,0,0,0,0,0,1,0
Pcdh1,0,0,0,0,0,0,1,0
Zfp36l2,0,0,0,0,1,0,0,0
Zfp770,0,0,0,0,0,0,1,0
Zfp418,0,0,0,0,1,0,0,0
Senp3,0,0,0,0,0,0,1,0
Zfp438,0,0,0,0,1,0,0,0
Gm7120,0,0,0,0,0,0,1,0
Zfp46,0,0,0,0,1,0,0,0
Zfp516,0,0,0,0,1,0,0,0
Zfp532,0,0,0,0,1,0,0,0
Selt,0,0,0,0,0,0,1,0
Zfp639,0,0,0,0,1,0,0,0
Coro7,0,0,0,0,0,0,1,0
Zfp641,0,0,0,0,1,0,0,0
Armt1,0,0,0,0,0,0,1,0
Mtrf1,0,0,0,0,0,0,1,0
Zfp667,0,0,0,0,1,0,0,0
Dpy30,0,0,0,0,0,0,1,0
Mettl21b,0,0,0,0,0,0,1,0
Zfp703,0,0,0,0,1,0,0,0
Zfyve16,0,0,0,0,1,0,0,0
Efr3a,0,0,0,0,0,0,1,0
Zim1,0,0,0,0,1,0,0,0
Got2,0,0,0,0,0,0,1,0
Fbxl6,0,0,0,0,0,0,1,0
Carkd,0,0,0,0,0,0,1,0
Dph1,0,0,0,0,0,0,1,0
Ttc38,0,0,0,0,0,0,1,0
Larp4,0,0,0,0,0,0,1,0
Ccne1,0,0,0,0,0,0,1,0
Cbr3,0,0,0,0,0,0,1,0
Oxld1,0,0,0,0,0,0,1,0
Psme3,0,0,0,0,0,0,1,0
Nadsyn1,0,0,0,0,0,0,1,0
Rita1,0,0,0,0,0,0,1,0
Tmem64,0,0,0,0,0,0,1,0
Klhl25,0,0,0,0,0,0,1,0
Asic1,0,0,0,0,0,0,1,0
Gm14393,0,0,0,0,0,0,1,0
Ufsp2,0,0,0,0,0,0,1,0
Sag,0,0,0,0,0,0,1,0
Mrpl43,0,0,0,0,0,0,1,0
Pfn1,0,0,0,0,0,0,1,0
Dennd4a,0,0,0,0,0,0,1,0
Primpol,0,0,0,0,0,0,1,0
Spry1,0,0,0,0,0,0,1,0
Gatad2a,0,0,0,0,0,0,1,0
Tmem60,0,0,0,0,0,0,1,0
Gm13722,0,0,0,0,0,0,1,0
Psg23,0,0,0,0,0,0,1,0
Rhbdd1,0,0,0,0,0,0,1,0
Diablo,0,0,0,0,0,0,1,0
Josd1,0,0,0,0,0,0,1,0
Clock,0,0,0,0,0,0,1,0
Dbt,0,0,0,0,0,0,1,0
Abca8b,0,0,0,0,0,0,1,0
Alg13,0,0,0,0,0,0,1,0
Vta1,0,0,0,0,0,0,1,0
Eif2b1,0,0,0,0,0,0,1,0
Tmem161b,0,0,0,0,0,0,1,0
Elmod2,0,0,0,0,0,0,1,0
Nt5c2,0,0,0,0,0,0,1,0
Wdr61,0,0,0,0,0,0,1,0
Cox7a2l,0,0,0,0,0,0,1,0
Dnajb13,0,0,0,0,0,0,1,0
Mapkap1,0,0,0,0,0,0,1,0
Gm28285,0,0,0,0,0,0,1,0
Spry4,0,0,0,0,0,0,1,0
Cdc14b,0,0,0,0,0,0,1,0
6330416G13Rik,0,0,0,0,0,0,1,0
1810043G02Rik,0,0,0,0,0,0,1,0
Calhm2,0,0,0,0,0,0,1,0
Hapln3,0,0,0,0,0,0,1,0
Hif1a,0,0,0,0,0,0,1,0
Zfp35,0,0,0,0,0,0,1,0
Nfu1,0,0,0,0,0,0,1,0
Ppp2ca,0,0,0,0,0,0,1,0
Mrpl18,0,0,0,0,0,0,1,0
Efr3b,0,0,0,0,0,0,1,0
Sec13,0,0,0,0,0,0,1,0
Gas2l3,0,0,0,0,0,0,1,0
Crx,0,0,0,0,0,0,1,0
Zfp488,0,0,0,0,0,0,1,0
Casc4,0,0,0,0,0,0,1,0
Rinl,0,0,0,0,0,0,1,0
Ppm1j,0,0,0,0,0,0,1,0
Coq4,0,0,0,0,0,0,1,0
Ftsj1,0,0,0,0,0,0,1,0
Igsf6,0,0,0,0,0,0,1,0
Slc16a4,0,0,0,0,0,0,1,0
Rab21,0,0,0,0,0,0,1,0
Ppp2r2d,0,0,0,0,0,0,1,0
Psmb5,0,0,0,0,0,0,1,0
Gimap5,0,0,0,0,0,0,1,0
Psmd12,0,0,0,0,0,0,1,0
Orai3,0,0,0,0,0,0,1,0
Vmn1r58,0,0,0,0,0,0,1,0
Sox17,0,0,0,0,0,0,1,0
Ttf2,0,0,0,0,0,0,1,0
Fbxo9,0,0,0,0,0,0,1,0
Anks3,0,0,0,0,0,0,1,0
Traf3ip3,0,0,0,0,0,0,1,0
Rgl3,0,0,0,0,0,0,1,0
Scyl1,0,0,0,0,0,0,1,0
Rmdn2,0,0,0,0,0,0,1,0
4930431P19Rik,0,0,0,0,0,0,1,0
Top3b,0,0,0,0,0,0,1,0
Ttll11,0,0,0,0,0,0,1,0
Uhrf1bp1,0,0,0,0,0,0,1,0
Akr7a5,0,0,0,0,0,0,1,0
Galnt16,0,0,0,0,0,0,1,0
Cope,0,0,0,0,0,0,1,0
Tsta3,0,0,0,0,0,0,1,0
Gng5,0,0,0,0,0,0,1,0
Fam212a,0,0,0,0,0,0,1,0
Med24,0,0,0,0,0,0,1,0
Mcrs1,0,0,0,0,0,0,1,0
Psmd14,0,0,0,0,0,0,1,0
Gm6710,0,0,0,0,0,0,1,0
Sh3bp5,0,0,0,0,0,0,1,0
Gpr4,0,0,0,0,0,0,1,0
Riok3,0,0,0,0,0,0,1,0
Ptgis,0,0,0,0,0,0,1,0
Sgtb,0,0,0,0,0,0,1,0
Prosc,0,0,0,0,0,0,1,0
Pkd1l3,0,0,0,0,0,0,1,0
Cdk8,0,0,0,0,0,0,1,0
Fam227a,0,0,0,0,0,0,1,0
Lrrc71,0,0,0,0,0,0,1,0
Sppl2a,0,0,0,0,0,0,1,0
Ap1b1,0,0,0,0,0,0,1,0
Slc31a1,0,0,0,0,0,0,1,0
Pyroxd2,0,0,0,0,0,0,1,0
Tars2,0,0,0,0,0,0,1,0
Kcnn1,0,0,0,0,0,0,1,0
Eif4e2,0,0,0,0,0,0,1,0
Dlg1,0,0,0,0,0,0,1,0
mt-Co3,0,0,0,0,0,0,1,0
Churc1,0,0,0,0,0,0,1,0
Xpnpep3,0,0,0,0,0,0,1,0
Syce2,0,0,0,0,0,0,1,0
Ppil1,0,0,0,0,0,0,1,0
Rpl35,0,0,0,0,0,0,1,0
B4galt5,0,0,0,0,0,0,1,0
Col11a2,0,0,0,0,0,0,1,0
Elac2,0,0,0,0,0,0,1,0
Cyb5r1,0,0,0,0,0,0,1,0
Ticam1,0,0,0,0,0,0,1,0
Elovl5,0,0,0,0,0,0,1,0
Zfp930,0,0,0,0,0,0,1,0
Miip,0,0,0,0,0,0,1,0
Opa3,0,0,0,0,0,0,1,0
Rnf5,0,0,0,0,0,0,1,0
Tmem41b,0,0,0,0,0,0,1,0
Rnf185,0,0,0,0,0,0,1,0
2810025M15Rik,0,0,0,0,0,0,1,0
Zfand2b,0,0,0,0,0,0,1,0
Lysmd3,0,0,0,0,0,0,1,0
Sppl2b,0,0,0,0,0,0,1,0
Sdhaf1,0,0,0,0,0,0,1,0
Zdhhc5,0,0,0,0,0,0,1,0
Chad,0,0,0,0,0,0,1,0
Timmdc1,0,0,0,0,0,0,1,0
Gm14735,0,0,0,0,0,0,1,0
Xkr6,0,0,0,0,0,0,1,0
Tagap1,0,0,0,0,0,0,1,0
Mypop,0,0,0,0,0,0,1,0
Adcy4,0,0,0,0,0,0,1,0
Fsbp,0,0,0,0,0,0,1,0
Bub1b,0,0,0,0,0,0,1,0
Micall2,0,0,0,0,0,0,1,0
Mllt1,0,0,0,0,0,0,1,0
Epb41l4b,0,0,0,0,0,0,1,0
Daam2,0,0,0,0,0,0,1,0
Ctdnep1,0,0,0,0,0,0,1,0
Mrrf,0,0,0,0,0,0,1,0
Prcp,0,0,0,0,0,0,1,0
Plk-ps1,0,0,0,0,0,0,1,0
Gramd1a,0,0,0,0,0,0,1,0
Gss,0,0,0,0,0,0,1,0
Ifnar2,0,0,0,0,0,0,1,0
Rassf4,0,0,0,0,0,0,1,0
Rwdd2a,0,0,0,0,0,0,1,0
Ric1,0,0,0,0,0,0,1,0
Btf3l4,0,0,0,0,0,0,1,0
Ankrd6,0,0,0,0,0,0,1,0
Dlec1,0,0,0,0,0,0,1,0
Ttc30b,0,0,0,0,0,0,1,0
Lmtk2,0,0,0,0,0,0,1,0
Mfap3l,0,0,0,0,0,0,1,0
Inpp5d,0,0,0,0,0,0,1,0
Tbx5,0,0,0,0,0,0,1,0
Yif1a,0,0,0,0,0,0,1,0
Ccdc51,0,0,0,0,0,0,1,0
Pfdn1,0,0,0,0,0,0,1,0
AK010878,0,0,0,0,0,0,1,0
Omg,0,0,0,0,0,0,1,0
Tbc1d22a,0,0,0,0,0,0,1,0
Rbfa,0,0,0,0,0,0,1,0
Fbxo6,0,0,0,0,0,0,1,0
Dynlt1c,0,0,0,0,0,0,1,0
Eif3i,0,0,0,0,0,0,1,0
Lyrm4,0,0,0,0,0,0,1,0
Xrcc6bp1,0,0,0,0,0,0,1,0
Tbl3,0,0,0,0,0,0,1,0
Gm340,0,0,0,0,0,0,1,0
Cbwd1,0,0,0,0,0,0,1,0
Hint3,0,0,0,0,0,0,1,0
Rdh14,0,0,0,0,0,0,1,0
Pex11a,0,0,0,0,0,0,1,0
Dnaaf5,0,0,0,0,0,0,1,0
Mthfs,0,0,0,0,0,0,1,0
Pebp1,0,0,0,0,0,0,1,0
Slc38a2,0,0,0,0,0,0,1,0
Atp5s,0,0,0,0,0,0,1,0
Suv420h2,0,0,0,0,0,0,1,0
0610010F05Rik,0,0,0,0,0,0,1,0
Utp14b,0,0,0,0,0,0,1,0
Cript,0,0,0,0,0,0,1,0
Sptbn2,0,0,0,0,0,0,1,0
Gm14117,0,0,0,0,0,0,1,0
